utterance,speaker,word_index,word,human_stress,human_correct,ctc_viterbi_primary_probability,ctc_viterbi_canonical_location_correct,mfa_primary_probability,mfa_canonical_location_correct
000030012,0003,2,GOING,10.0,1,0.8808,1,0.8808,1
000030024,0003,2,CHINA,10.0,1,0.8808,1,0.8808,1
000030059,0003,2,PHOTO,10.0,1,0.8808,1,0.5987,1
000030069,0003,3,BOXING,10.0,1,0.8808,1,0.8808,1
000030116,0003,1,BILLY,10.0,1,0.4013,0,0.4013,0
000030116,0003,3,INTO,10.0,1,0.4013,0,0.8808,1
000030119,0003,1,TINA,10.0,1,0.8808,1,0.8808,1
000030119,0003,3,INTO,10.0,1,0.4013,0,0.4013,0
000030119,0003,5,WASHROOM,10.0,1,0.8808,1,0.8808,1
000030145,0003,0,BILLY,10.0,1,0.4013,0,0.4013,0
000030175,0003,0,YUMMY,10.0,1,0.8808,1,0.4013,0
000240031,0024,7,LADDER,10.0,1,0.8808,1,0.8808,1
000240071,0024,7,VERY,10.0,1,0.8808,1,0.4013,0
000240073,0024,2,AMERICAN,10.0,1,0.5848,1,0.4096,1
000240073,0024,6,FOLLOWS,10.0,1,0.5987,1,0.8808,1
000240099,0024,3,TALKING,10.0,1,0.8808,1,0.8808,1
000240099,0024,4,ABOUT,10.0,1,0.8808,1,0.8808,1
000240116,0024,0,LOVELY,10.0,1,0.8808,1,0.8808,1
000240116,0024,4,ACQUAINTANCE,10.0,1,0.7041,1,0.4899,1
000240151,0024,0,SUCCESSFUL,10.0,1,0.1386,0,0.6478,1
000240151,0024,4,COLLEGE,10.0,1,0.8808,1,0.8808,1
000240152,0024,3,PRETTY,10.0,1,0.8808,1,0.8808,1
000240284,0024,6,OVER,10.0,1,0.8808,1,0.8808,1
000240289,0024,0,COMPETITION,10.0,1,0.1654,0,0.3828,0
000240289,0024,5,INDUSTRY,5.0,0,0.0933,0,0.0814,0
000240320,0024,2,ANXIOUSLY,10.0,1,0.5231,1,0.5077,1
000240320,0024,7,STARTED,10.0,1,0.8808,1,0.8808,1
000240323,0024,5,UNHAPPY,10.0,1,0.6243,1,0.1625,0
000240324,0024,3,SORRY,10.0,1,0.8808,1,0.4013,0
000240350,0024,6,FRIENDSHIP,10.0,1,0.8808,1,0.8808,1
000440021,0044,0,MANDY,10.0,1,0.8808,1,0.4013,0
000440082,0044,0,LILLY,10.0,1,0.8808,1,0.4013,0
000440089,0044,0,SANDY,10.0,1,0.8808,1,0.8808,1
000440145,0044,0,HANDY,10.0,1,0.8808,1,0.4013,0
000440145,0044,3,BANGKOK,10.0,1,0.5987,1,0.1192,0
000440147,0044,0,LILLY,10.0,1,0.8808,1,0.8808,1
000440173,0044,1,GOING,10.0,1,0.8808,1,0.4013,0
000490017,0049,0,DORA,10.0,1,0.8808,1,0.8808,1
000490097,0049,0,SANDY,10.0,1,0.8808,1,0.8808,1
000490117,0049,2,TALKING,10.0,1,0.8808,1,0.8808,1
000490151,0049,4,EXCITING,10.0,1,0.8065,1,0.8045,1
000920002,0092,2,YELLOW,10.0,1,0.8808,1,0.8808,1
000920074,0092,0,SANDY,10.0,1,0.8808,1,0.8808,1
000920074,0092,2,RUNNING,10.0,1,0.8808,1,0.8808,1
000920129,0092,4,POTATO,10.0,1,0.4746,1,0.7963,1
000920173,0092,2,MANY,10.0,1,0.8808,1,0.8808,1
000930005,0093,0,BILLY,10.0,1,0.8808,1,0.4013,0
000930089,0093,0,DORA,10.0,1,0.8808,1,0.8808,1
000930099,0093,0,JACKIE,10.0,1,0.8808,1,0.8808,1
000930148,0093,0,TINA,10.0,1,0.8808,1,0.8808,1
000930148,0093,4,USUAL,10.0,1,0.7755,1,0.3879,0
000930155,0093,2,ANY,10.0,1,0.4013,0,0.4013,0
000940012,0094,0,LILLY,10.0,1,0.8808,1,0.4013,0
000940012,0094,2,GOING,10.0,1,0.8808,1,0.4013,0
000940012,0094,5,ZEBRA,10.0,1,0.8808,1,0.8808,1
000940015,0094,2,GOING,10.0,1,0.8808,1,0.4013,0
000940068,0094,2,RACING,10.0,1,0.8808,1,0.8808,1
000940074,0094,0,DORA,10.0,1,0.8808,1,0.4013,0
000940074,0094,2,ROWING,10.0,1,0.8808,1,0.8808,1
000940102,0094,0,BILLY,10.0,1,0.4013,0,0.4013,0
000940102,0094,3,RAINCOAT,10.0,1,0.8808,1,0.4013,0
000940122,0094,1,JAYME,10.0,1,0.8808,1,0.8808,1
000940133,0094,0,JAYME,10.0,1,0.8808,1,0.4013,0
000940133,0094,3,EGGPLANT,10.0,1,0.8808,1,0.4013,0
000940147,0094,3,BERLIN,10.0,1,0.1192,0,0.5987,1
000960002,0096,0,LISA,10.0,1,0.8808,1,0.4013,0
000960019,0096,4,TIGER,10.0,1,0.8808,1,0.8808,1
000960066,0096,1,LILLY,10.0,1,0.4013,0,0.8808,1
000960066,0096,4,BASEBALL,10.0,1,0.8808,0,0.8808,0
000960071,0096,2,HANDBALL,10.0,1,0.8808,1,0.8808,1
000960073,0096,0,SANDY,10.0,1,0.8808,1,0.8808,1
001110023,0111,3,GERMANY,10.0,1,0.7084,1,0.7341,1
001110056,0111,0,DRESSES,10.0,1,0.8808,1,0.4013,0
001110056,0111,2,SCIENTIST,10.0,1,0.5249,1,0.5365,1
001110060,0111,1,RAINCOAT,10.0,1,0.4013,0,0.4013,0
001110067,0111,0,BILLY,10.0,1,0.8808,1,0.8808,1
001110067,0111,4,RACING,10.0,1,0.8808,1,0.8808,1
001110072,0111,0,MANDY,10.0,1,0.8808,1,0.4013,0
001110114,0111,2,WALKING,10.0,1,0.8808,1,0.4013,0
001110135,0111,0,DORA,10.0,1,0.8808,1,0.4013,0
001110137,0111,5,POLICE,10.0,1,0.5987,1,0.5987,1
001110141,0111,2,TODAY,10.0,1,0.5987,1,0.5987,1
001110141,0111,4,FRIDAY,10.0,1,0.8808,1,0.8808,1
001120024,0112,0,LISA,10.0,1,0.8808,1,0.8808,1
001120090,0112,2,SHOULDER,10.0,1,0.8808,1,0.8808,1
001120097,0112,0,JAYME,10.0,1,0.8808,1,0.8808,1
001120105,0112,0,LISA,10.0,1,0.8808,1,0.4013,0
001120119,0112,1,ALICE,10.0,1,0.4013,0,0.8808,1
001120119,0112,3,INTO,10.0,1,0.4013,0,0.4013,0
001120119,0112,5,LIVING,10.0,1,0.4013,0,0.8808,1
001120141,0112,2,TODAY,10.0,1,0.8808,1,0.5987,1
001120148,0112,0,MANDY,10.0,1,0.8808,1,0.8808,1
001120148,0112,3,CANBERRA,10.0,1,0.7877,1,0.5867,1
001120159,0112,2,VERY,10.0,1,0.4013,0,0.8808,1
001120159,0112,3,PRETTY,10.0,1,0.4013,0,0.4013,0
001130019,0113,0,LISA,10.0,1,0.8808,1,0.4013,0
001130019,0113,4,ZEBRA,10.0,1,0.8808,1,0.4013,0
001130073,0113,0,MANDY,10.0,1,0.4013,0,0.4013,0
001130073,0113,3,ROWING,10.0,1,0.4013,0,0.4013,0
001130118,0113,0,TINA,10.0,1,0.4013,0,0.8808,1
001130118,0113,4,CAFE,10.0,1,0.5987,1,0.5987,1
001130123,0113,2,WALKING,10.0,1,0.8808,1,0.8808,1
001130123,0113,4,MUSIC,10.0,1,0.4013,0,0.8808,1
001130138,0113,4,DRIVER,10.0,1,0.8808,1,0.8808,1
001140056,0114,2,NOVEMBER,10.0,1,0.7569,1,0.7098,1
001140064,0114,0,PICTURE,10.0,1,0.8808,1,0.8808,1
001140064,0114,2,HOMEWORK,10.0,1,0.8808,1,0.8808,1
001140099,0114,0,SANDY,10.0,1,0.8808,1,0.8808,1
001140100,0114,0,MANDY,10.0,1,0.8808,1,0.8808,1
001140104,0114,0,PETER,10.0,1,0.8808,1,0.8808,1
001140130,0114,0,DORA,10.0,1,0.4013,0,0.4013,0
001140133,0114,0,LISA,10.0,1,0.8808,1,0.8808,1
001140140,0114,0,BILLY,10.0,1,0.8808,1,0.8808,1
001140146,0114,0,LILLY,10.0,1,0.8808,1,0.8808,1
001140146,0114,5,CITY,10.0,1,0.8808,1,0.8808,1
001200015,0120,2,FORTUNATE,10.0,1,0.6338,1,0.6533,1
001200015,0120,6,INTO,10.0,1,0.4013,0,0.4013,0
001200016,0120,3,TRAFFIC,10.0,1,0.4013,0,0.8808,1
001200114,0120,4,PROVIDE,10.0,1,0.8808,1,0.8808,1
001200145,0120,2,GOING,10.0,1,0.8808,1,0.8808,1
001200146,0120,5,MAKING,10.0,1,0.8808,1,0.4013,0
001200146,0120,7,EFFORT,10.0,1,0.8808,1,0.8807,1
001200159,0120,2,LOOKING,10.0,1,0.8808,1,0.4013,0
001200168,0120,0,EASILY,10.0,1,0.6904,1,0.8034,1
001200338,0120,2,SILENCE,10.0,1,0.8808,1,0.8808,1
001220015,0122,2,GOING,10.0,1,0.4013,0,0.4013,0
001220021,0122,2,JAPAN,10.0,1,0.5987,1,0.5987,1
001220068,0122,0,SANDY,10.0,1,0.8808,1,0.8808,1
001220101,0122,2,LISA,5.0,0,0.4013,0,0.4013,0
001220127,0122,2,DRAWING,10.0,1,0.8808,1,0.8808,1
001220129,0122,3,CABBAGE,10.0,1,0.4013,0,0.4013,0
001220166,0122,0,DADDY,10.0,1,0.8808,1,0.8808,1
001330002,0133,0,JAYME,10.0,1,0.8808,1,0.8808,1
001330002,0133,2,YELLOW,10.0,1,0.8808,1,0.8808,1
001330075,0133,0,PETER,10.0,1,0.8808,1,0.8808,1
001330097,0133,0,SANDY,10.0,1,0.8808,1,0.4013,0
001330099,0133,0,PETER,10.0,1,0.8808,1,0.1192,0
001330099,0133,3,WALKING,10.0,1,0.8808,1,0.4013,0
001330099,0133,5,STUDY,10.0,1,0.4013,0,0.4013,0
001330118,0133,0,LUCY,10.0,1,0.8808,1,0.8808,1
001330126,0133,4,CITY,10.0,1,0.8808,1,0.8808,1
001330126,0133,5,SANDY,10.0,1,0.8808,1,0.8808,1
001330128,0133,4,CITY,10.0,1,0.8808,1,0.8808,1
001330128,0133,5,SANDY,10.0,1,0.4013,0,0.4013,0
001330172,0133,2,BELIEVE,10.0,1,0.5987,1,0.5987,1
001490002,0149,0,PITY,10.0,1,0.8808,1,0.4013,0
001490016,0149,4,TIGER,10.0,1,0.8808,1,0.8808,1
001490024,0149,3,JAPAN,10.0,1,0.5987,1,0.5987,1
001490045,0149,0,SANDY,10.0,1,0.8808,1,0.4013,0
001490045,0149,5,CLIMBING,10.0,1,0.8808,1,0.8808,1
001490052,0149,0,TINA,10.0,1,0.8808,1,0.8808,1
001490052,0149,4,RUNNING,10.0,1,0.8808,1,0.4013,0
001490056,0149,0,LILLY,10.0,1,0.8808,1,0.4013,0
001490077,0149,0,LILLY,10.0,1,0.8808,1,0.4013,0
001490080,0149,0,CASEY,10.0,1,0.8808,1,0.8808,1
001490127,0149,0,HENNY,10.0,1,0.8808,1,0.4013,0
001490127,0149,3,SYDNEY,10.0,1,0.8808,1,0.8808,1
001490153,0149,4,PLAYING,10.0,1,0.8808,1,0.4013,0
001490155,0149,1,MOTHER,10.0,1,0.1192,0,0.4013,0
001570030,0157,0,THEREFORE,10.0,1,0.8808,1,0.8808,1
001570030,0157,2,PICTURE,10.0,1,0.4013,0,0.4013,0
001570030,0157,4,RATED,10.0,1,0.4013,0,0.4013,0
001570030,0157,5,ACCEPTABLE,10.0,1,0.6741,1,0.6239,1
001570030,0157,8,SOCIETY,10.0,1,0.7523,1,0.6969,1
001570061,0157,3,WOUNDED,10.0,1,0.4013,0,0.8808,1
001570061,0157,6,ATTACK,10.0,1,0.1192,0,0.1192,0
001570100,0157,4,VERY,10.0,1,0.8808,1,0.8808,1
001570165,0157,0,WANTED,10.0,1,0.4013,0,0.8808,1
001570194,0157,8,ALONE,10.0,1,0.8808,1,0.8808,1
001570203,0157,5,VACATION,10.0,1,0.7986,1,0.7713,1
001570212,0157,6,COMPUTER,10.0,1,0.7764,1,0.7751,1
001570216,0157,3,ALLOWED,10.0,1,0.8808,1,0.8808,1
001570216,0157,6,OPINIONS,10.0,1,0.7672,1,0.7467,1
001570269,0157,3,NEITHER,10.0,1,0.8808,1,0.8808,1
001570269,0157,8,ASHAMED,10.0,1,0.8808,1,0.8808,1
001570290,0157,0,WONDERING,10.0,1,0.5672,1,0.7735,1
001570290,0157,2,MANY,10.0,1,0.8808,1,0.4013,0
001570316,0157,4,AMOUNT,10.0,1,0.8808,1,0.8808,1
001570324,0157,7,THINKING,10.0,1,0.8808,1,0.8808,1
001570325,0157,1,HANDED,10.0,1,0.4013,0,0.4013,0
001570325,0157,6,VERY,10.0,1,0.4013,0,0.8808,1
001570361,0157,0,PRESENTLY,10.0,1,0.3737,0,0.2872,0
001570361,0157,1,HOWEVER,10.0,1,0.354,0,0.3894,0
001570361,0157,4,BROKEN,10.0,1,0.8808,1,0.8808,1
001570378,0157,3,THINKING,10.0,1,0.4013,0,0.4013,0
001570378,0157,5,SOMETHING,10.0,1,0.8808,1,0.8808,1
003060002,0306,6,PRESSURE,10.0,1,0.8808,1,0.8808,1
003060017,0306,4,UNITED,10.0,1,0.2466,0,0.5746,1
003060025,0306,4,RELATIVELY,10.0,1,0.5547,1,0.1159,0
003060025,0306,7,MORNING,10.0,1,0.4013,0,0.8808,1
003060064,0306,7,BETTER,10.0,1,0.4013,0,0.4013,0
003060087,0306,3,ONLY,10.0,1,0.8808,1,0.8808,1
003060161,0306,5,HAPPEN,10.0,1,0.8808,1,0.8808,1
003060186,0306,2,MORNING,10.0,1,0.8808,1,0.8808,1
003060235,0306,0,GETTING,10.0,1,0.8808,1,0.4013,0
003060235,0306,1,READY,10.0,1,0.8808,1,0.8808,1
003060285,0306,2,ANOTHER,10.0,1,0.6002,1,0.5557,1
003060285,0306,6,ABOUT,10.0,1,0.8808,1,0.8808,1
003060291,0306,5,MATTER,10.0,1,0.4013,0,0.8808,1
003060319,0306,2,INTO,10.0,1,0.1192,0,0.8808,1
003060337,0306,1,CONTROLLED,5.0,0,0.1192,0,0.8808,1
003060337,0306,2,HIMSELF,10.0,1,0.5987,1,0.5987,1
003060337,0306,5,EFFORT,10.0,1,0.8808,1,0.8808,1
004570010,0457,3,ONLY,10.0,1,0.8808,1,0.4013,0
004570129,0457,3,OPEN,10.0,1,0.5987,1,0.1192,0
004570137,0457,4,ABOUT,10.0,1,0.8808,1,0.8808,1
004570146,0457,0,CREATE,10.0,1,0.4013,0,0.1192,0
004570146,0457,3,HAPPY,10.0,1,0.4013,0,0.4013,0
004570167,0457,0,ABOUT,10.0,1,0.8808,1,0.8808,1
004570237,0457,2,LOOKING,10.0,1,0.4013,0,0.4013,0
004570237,0457,6,MYSELF,10.0,1,0.5987,1,0.5987,1
004570268,0457,2,HUMAN,10.0,1,0.8808,1,0.8808,1
004570268,0457,3,BEING,10.0,1,0.8808,1,0.4013,0
004570374,0457,5,AGAIN,10.0,1,0.5987,1,0.8808,1
004610037,0461,3,STORY,10.0,1,0.8808,1,0.8808,1
004610054,0461,2,VERY,10.0,1,0.4013,0,0.8808,1
004610054,0461,3,VERY,10.0,1,0.8808,1,0.8808,1
004610065,0461,0,NATIONALLY,10.0,1,0.7686,1,0.3328,0
004610065,0461,5,BEGINNING,10.0,1,0.4668,1,0.473,1
004610129,0461,0,WORRY,10.0,1,0.4013,0,0.4013,0
004610177,0461,1,GOING,10.0,1,0.8808,1,0.8808,1
004610177,0461,5,BUSY,10.0,1,0.4013,0,0.4013,0
004610182,0461,5,MYSELF,10.0,1,0.5987,1,0.5987,1
004610227,0461,2,PERFECT,5.0,0,0.8808,1,0.4013,0
004610227,0461,3,ENDING,10.0,1,0.1192,0,0.1192,0
004610230,0461,0,LOVING,10.0,1,0.8808,1,0.4013,0
004610238,0461,0,DEPENDS,10.0,1,0.5987,1,0.8808,1
004610238,0461,3,NUMBER,10.0,1,0.4013,0,0.8808,1
004610290,0461,4,DIVISION,10.0,1,0.7848,1,0.4229,0
004610362,0461,1,BEING,10.0,1,0.8808,1,0.1192,0
004610362,0461,6,MONEY,10.0,1,0.8808,1,0.8808,1
005630017,0563,5,HIGHLY,10.0,1,0.4013,0,0.4013,0
005630044,0563,0,HOWEVER,10.0,1,0.7479,1,0.7999,1
005630044,0563,4,LEGALLY,10.0,1,0.7058,1,0.7102,1
005630081,0563,7,TALKING,10.0,1,0.8808,1,0.8808,1
005630081,0563,8,ABOUT,10.0,1,0.8808,1,0.8808,1
005630127,0563,8,WINNER,10.0,1,0.4013,0,0.4013,0
005630142,0563,0,AUSTRALIA,10.0,1,0.8018,1,0.8009,1
005630151,0563,2,HIMSELF,10.0,1,0.5987,1,0.1192,0
005630151,0563,6,OTHERS,10.0,1,0.8808,1,0.8808,1
005630267,0563,0,COFFEE,10.0,1,0.8808,1,0.8808,1
005630284,0563,0,LOOKING,10.0,1,0.8808,1,0.4013,0
005630284,0563,3,GETTING,10.0,1,0.8808,1,0.4013,0
005630291,0563,6,MONEY,10.0,1,0.4013,0,0.8808,1
005630315,0563,1,NOWADAYS,10.0,1,0.5443,1,0.4282,1
005630315,0563,9,THEMSELVES,10.0,1,0.8808,1,0.5987,1
005630330,0563,5,NOTHING,10.0,1,0.8808,1,0.8808,1
005630375,0563,2,ALMOST,10.0,1,0.1192,0,0.1192,0
005670043,0567,4,EXPECT,10.0,1,0.8808,1,0.8808,1
005670055,0567,2,SCREAMING,10.0,1,0.8808,1,0.8808,1
005670055,0567,4,SHOUTING,10.0,1,0.8808,1,0.8808,1
005670113,0567,1,WONDER,10.0,1,0.4013,0,0.8808,1
005670125,0567,0,UNLUCKY,10.0,1,0.0763,0,0.1921,0
005670125,0567,6,BETTER,10.0,1,0.4013,0,0.4013,0
005670147,0567,0,BELIEF,10.0,1,0.5987,1,0.8808,1
005670155,0567,5,MILITARY,5.0,0,0.6468,1,0.4679,1
005670160,0567,0,BECAUSE,10.0,1,0.5987,1,0.5987,1
005670282,0567,8,FINISH,10.0,1,0.8808,1,0.8808,1
005670310,0567,4,DOING,10.0,1,0.8808,1,0.5987,1
005670320,0567,5,OFFICIAL,5.0,0,0.3581,0,0.313,0
005670356,0567,5,AMONG,10.0,1,0.4013,0,0.8808,1
007360004,0736,7,AGAIN,10.0,1,0.5987,1,0.5987,1
007360006,0736,2,BEING,10.0,1,0.4013,0,0.1192,0
007360006,0736,3,HIMSELF,10.0,1,0.1192,0,0.5987,1
007360055,0736,2,FORWARD,10.0,1,0.4013,0,0.8808,1
007360055,0736,4,HAVING,10.0,1,0.4013,0,0.4013,0
007360196,0736,4,ALREADY,10.0,1,0.2616,0,0.2839,0
007360205,0736,2,GOING,10.0,1,0.8808,1,0.4013,0
007360212,0736,5,PRINCIPLE,10.0,1,0.7954,1,0.8051,1
007360250,0736,5,PICTURE,10.0,1,0.4013,0,0.4013,0
007360296,0736,7,TOGETHER,10.0,1,0.512,1,0.399,0
007360305,0736,4,MAGICAL,10.0,1,0.637,1,0.6603,1
007650036,0765,0,HOWEVER,10.0,1,0.52,1,0.6808,1
007650036,0765,1,MARKET,10.0,1,0.8808,1,0.8808,1
007650036,0765,2,CONDITIONS,10.0,1,0.4533,1,0.2595,0
007650036,0765,8,OTHER,10.0,1,0.4013,0,0.1192,0
007650061,0765,3,VOTED,10.0,1,0.8808,1,0.4013,0
007650061,0765,6,MEASURE,10.0,1,0.8808,1,0.8808,1
007650076,0765,4,DESIRE,10.0,1,0.753,1,0.7826,1
007650076,0765,7,ANOTHER,10.0,1,0.4847,1,0.4367,0
007650076,0765,8,OPINION,10.0,1,0.0781,0,0.6266,1
007650078,0765,2,LATER,10.0,1,0.4013,0,0.4013,0
007650084,0765,0,DEFINE,10.0,1,0.5987,1,0.8808,1
007650084,0765,6,SITUATION,10.0,1,0.1194,0,0.1335,0
007650089,0765,3,EXPECTED,10.0,1,0.6288,1,0.5121,1
007650116,0765,0,MONEY,10.0,1,0.8808,1,0.8808,1
007650116,0765,5,SUCCESS,10.0,1,0.5987,1,0.5987,1
007650131,0765,1,LEARNED,10.0,1,0.8808,1,0.8808,1
007650174,0765,0,MISSING,10.0,1,0.4013,0,0.4013,0
007650174,0765,5,EASY,10.0,1,0.8808,1,0.8808,1
007650192,0765,5,PARTY,10.0,1,0.8808,1,0.8808,1
007650197,0765,3,GOING,10.0,1,0.8808,1,0.8808,1
007650254,0765,0,EVERYTHING,10.0,1,0.426,0,0.774,1
007650346,0765,0,HOLDING,10.0,1,0.4013,0,0.4013,0
007650369,0765,7,TRIAL,10.0,1,0.8808,1,0.8808,1
008110049,0811,3,PUBLIC,10.0,1,0.4013,0,0.4013,0
008110049,0811,5,BEING,10.0,1,0.8808,1,0.1192,0
008110110,0811,4,ABOUT,10.0,1,0.8808,1,0.8808,1
008110110,0811,7,EVERY,10.0,1,0.8808,1,0.8808,1
008110110,0811,9,KILLINGS,10.0,1,0.8808,1,0.8808,1
008110116,0811,2,NOTHING,10.0,1,0.8808,1,0.8808,1
008110116,0811,5,MAGIC,10.0,1,0.4013,0,0.8808,1
008110159,0811,6,ANY,10.0,1,0.4013,0,0.4013,0
008110159,0811,8,QUESTIONS,10.0,1,0.8808,1,0.8808,1
008110204,0811,6,INSIDE,10.0,1,0.8808,1,0.8808,1
008110209,0811,2,POLICE,10.0,1,0.5987,1,0.5987,1
008110224,0811,0,WELCOME,10.0,1,0.8808,1,0.4013,0
008110258,0811,2,COVER,10.0,1,0.4013,0,0.8808,1
008110286,0811,0,EVERYTHING,10.0,1,0.1682,0,0.7667,1
008110286,0811,2,STARTING,10.0,1,0.8808,1,0.8808,1
008110286,0811,5,INTO,10.0,1,0.4013,0,0.8808,1
008110287,0811,6,DECISION,10.0,1,0.5382,1,0.6335,1
008110340,0811,4,STRIKING,10.0,1,0.8808,1,0.8808,1
008110371,0811,2,ONLY,10.0,1,0.8808,1,0.8808,1
009810029,0981,0,HUMAN,10.0,1,0.8808,1,0.8808,1
009810029,0981,3,ALSO,10.0,1,0.4013,0,0.8808,1
009810029,0981,6,FACTOR,10.0,1,0.8808,1,0.8808,1
009810075,0981,3,GOING,10.0,1,0.8808,1,0.8808,1
009810075,0981,7,VERY,10.0,1,0.4013,0,0.8808,1
009810075,0981,8,PHYSICAL,10.0,1,0.3778,1,0.4245,1
009810106,0981,3,ANY,10.0,1,0.4013,0,0.8808,1
009810155,0981,6,ENOUGH,10.0,1,0.5987,1,0.5987,1
009810249,0981,0,SOMETIMES,10.0,1,0.1192,0,0.1192,0
009810305,0981,2,GOING,10.0,1,0.8808,1,0.8808,1
010300003,1030,4,UPSET,10.0,1,0.1192,0,0.1192,0
010300105,1030,1,PAPER,10.0,1,0.4013,0,0.4013,0
010300105,1030,2,PUBLISHED,10.0,1,0.8808,1,0.8808,1
010300105,1030,9,ATTACK,10.0,1,0.1192,0,0.4013,0
010300123,1030,2,NEVER,10.0,1,0.8808,1,0.8808,1
010300153,1030,0,REALITY,10.0,1,0.381,0,0.6871,1
010300153,1030,3,LEADING,10.0,1,0.8808,1,0.5987,1
010300157,1030,6,TRADITIONS,10.0,1,0.752,1,0.7201,1
010300159,1030,4,FAILURE,10.0,1,0.8808,1,0.8808,1
010300216,1030,8,SUPPORTING,10.0,1,0.1844,0,0.2579,0
010300275,1030,3,GOING,10.0,1,0.8808,1,0.8808,1
010300298,1030,5,BROTHER,10.0,1,0.4013,0,0.4013,0
010300316,1030,4,NUMBER,10.0,1,0.4013,0,0.4013,0
010300316,1030,7,EVER,10.0,1,0.8808,1,0.8808,1
010300316,1030,9,ANYTHING,10.0,1,0.479,1,0.8035,1
010300325,1030,1,TWENTY,10.0,1,0.4013,0,0.4013,0
010300325,1030,5,NOTHING,10.0,1,0.8808,1,0.8808,1
010300328,1030,3,INTO,10.0,1,0.4013,0,0.4013,0
010370025,1037,3,LOOKING,10.0,1,0.4013,0,0.4013,0
010370025,1037,6,SOMETHING,10.0,1,0.8808,1,0.4013,0
010370025,1037,7,BETTER,10.0,1,0.8808,1,0.8808,1
010370099,1037,4,ANSWERS,10.0,1,0.8808,1,0.8808,1
010370099,1037,7,QUESTIONS,10.0,1,0.4013,0,0.4013,0
010370140,1037,2,ALSO,10.0,1,0.8808,1,0.8808,1
010370140,1037,7,CONTRIBUTE,10.0,1,0.5741,1,0.322,0
010370204,1037,0,HOPING,10.0,1,0.8808,1,0.8808,1
010370204,1037,4,CAMPAIGN,10.0,1,0.8808,1,0.8808,1
010370216,1037,4,MASTERS,10.0,1,0.4013,0,0.8808,1
010370232,1037,1,NOTHING,10.0,1,0.8808,1,0.8808,1
010370246,1037,1,EARLY,10.0,1,0.8808,1,0.8808,1
010370251,1037,0,NOTHING,10.0,1,0.8808,1,0.4013,0
010370265,1037,3,AWAY,10.0,1,0.1192,0,0.1192,0
010370290,1037,8,FINALLY,10.0,1,0.5098,1,0.487,1
010370309,1037,3,GOING,10.0,1,0.8808,1,0.8808,1
010370352,1037,6,IGNORE,10.0,1,0.8808,1,0.8808,1
010390004,1039,5,ABOUT,10.0,1,0.8808,1,0.8808,1
010390004,1039,8,BUSINESS,10.0,1,0.4013,0,0.8808,1
010390027,1039,3,INTEREST,10.0,1,0.5987,1,0.5987,1
010390027,1039,6,PUBLIC,10.0,1,0.8808,1,0.4013,0
010390027,1039,7,INTEREST,10.0,1,0.1192,0,0.1192,0
010390170,1039,0,EASILY,10.0,1,0.7837,1,0.8016,1
010390216,1039,4,CONCERT,10.0,1,0.8808,1,0.8808,1
010390244,1039,7,SUMMER,10.0,1,0.8808,1,0.8808,1
010390269,1039,4,SHARING,10.0,1,0.8808,1,0.8808,1
010390285,1039,5,EXPRESS,10.0,1,0.4013,0,0.8808,1
010390303,1039,4,PIECES,10.0,1,0.8808,1,0.8808,1
010390366,1039,7,PASSIVE,10.0,1,0.4013,0,0.8808,1
010390366,1039,9,RESIGNED,10.0,1,0.8808,1,0.8808,1
010460017,1046,2,AWAY,10.0,1,0.1192,0,0.4013,0
010460020,1046,0,PETER,10.0,1,0.8808,1,0.8808,1
010460020,1046,4,PANDA,10.0,1,0.8808,1,0.8808,1
010460053,1046,3,SKATING,10.0,1,0.5987,1,0.8808,1
010460061,1046,0,LUCY,10.0,1,0.4013,0,0.4013,0
010460088,1046,0,LUCY,10.0,1,0.8808,1,0.4013,0
010460111,1046,0,BILLY,10.0,1,0.8808,1,0.8808,1
010460111,1046,2,WALKING,10.0,1,0.4013,0,0.8808,1
010460120,1046,0,TINA,10.0,1,0.4013,0,0.4013,0
010460153,1046,0,RELIES,10.0,1,0.5987,1,0.8808,1
010500012,1050,0,JAYME,10.0,1,0.8808,1,0.8808,1
010500058,1050,0,MANDY,10.0,1,0.8808,1,0.4013,0
010500058,1050,2,TOFU,10.0,1,0.5987,1,0.5987,1
010500090,1050,2,JAYME'S,10.0,1,0.4013,0,0.4013,0
010500100,1050,3,TAXI,10.0,1,0.8808,1,0.8808,1
010500108,1050,0,MANDY,10.0,1,0.8808,1,0.8808,1
010500113,1050,1,TINA,10.0,1,0.4013,0,0.4013,0
010500131,1050,0,CASEY,10.0,1,0.8808,1,0.4013,0
010500147,1050,3,TONY,10.0,1,0.8808,1,0.8808,1
010500149,1050,0,ENDING,10.0,1,0.4013,0,0.4013,0
010500149,1050,5,GOING,10.0,1,0.8808,1,0.8808,1
010610015,1061,0,BILLY,10.0,1,0.8808,1,0.4013,0
010610015,1061,4,TURKEY,10.0,1,0.4013,0,0.4013,0
010610024,1061,0,TEDDY,10.0,1,0.8808,1,0.8808,1
010610024,1061,3,CANADA,10.0,1,0.7791,1,0.6071,1
010610025,1061,0,LILLY,10.0,1,0.8808,1,0.8808,1
010610025,1061,2,CHINA,10.0,1,0.8808,1,0.8808,1
010610057,1061,1,LILLY,10.0,1,0.4013,0,0.4013,0
010610067,1061,0,PETER,10.0,1,0.8808,1,0.4013,0
010610067,1061,3,TURKEY,10.0,1,0.8808,1,0.4013,0
010610069,1061,0,SANDY,10.0,1,0.8808,1,0.8808,1
010610087,1061,0,BILLY,10.0,1,0.8808,1,0.4013,0
010610113,1061,0,BETTY,10.0,1,0.8808,1,0.8808,1
010610129,1061,3,GARLIC,10.0,1,0.8808,1,0.8808,1
010610171,1061,3,DOING,10.0,1,0.8808,1,0.5987,1
010750010,1075,2,TIGER,10.0,1,0.8808,1,0.8808,1
010750021,1075,0,LUCY,10.0,1,0.8808,1,0.4013,0
010750021,1075,4,ZEBRA,10.0,1,0.8808,1,0.8808,1
010750024,1075,0,SANDY,10.0,1,0.4013,0,0.4013,0
010750060,1075,0,BILLY,10.0,1,0.8808,1,0.8808,1
010750062,1075,0,BENNY,10.0,1,0.8808,1,0.4013,0
010750117,1075,0,HONEY,10.0,1,0.8808,1,0.8808,1
010760089,1076,0,RARELY,10.0,1,0.4013,0,0.4013,0
010760111,1076,0,BETTY,10.0,1,0.4013,0,0.4013,0
010760111,1076,4,MUSIC,10.0,1,0.4013,0,0.8808,1
010760116,1076,0,MANDY,10.0,1,0.8808,1,0.8808,1
010760116,1076,2,WALKING,10.0,1,0.4013,0,0.4013,0
010760162,1076,1,HAPPY,10.0,1,0.8808,1,0.4013,0
010990048,1099,3,ONLY,10.0,1,0.8808,1,0.8808,1
010990082,1099,7,WOUNDED,10.0,1,0.8808,1,0.4013,0
010990087,1099,8,CHRISTMAS,10.0,1,0.4013,0,0.4013,0
010990218,1099,4,GROWING,10.0,1,0.8808,1,0.8808,1
010990239,1099,3,VERY,10.0,1,0.8808,1,0.8808,1
010990239,1099,4,CREATIVE,10.0,1,0.5341,1,0.5957,1
011090011,1109,3,IMPORTANT,10.0,1,0.2333,0,0.2413,0
011090020,1109,6,PROTECTION,10.0,1,0.3373,0,0.1077,0
011090140,1109,3,BELIEVE,10.0,1,0.5987,1,0.5987,1
011090140,1109,9,DIFFERENCE,10.0,1,0.5987,1,0.5987,1
011090154,1109,6,CONTROL,5.0,0,0.1192,0,0.8808,1
011090235,1109,0,SEEING,10.0,1,0.8808,1,0.4013,0
011090277,1109,3,GOING,10.0,1,0.8808,1,0.4013,0
011090333,1109,8,QUESTION,10.0,1,0.8808,1,0.8808,1
011090334,1109,4,BELIEVE,10.0,1,0.5987,1,0.8808,1
011090334,1109,6,SOMETHING,10.0,1,0.8808,1,0.8808,1
011090359,1109,7,HAVING,10.0,1,0.8808,1,0.8808,1
011350001,1135,7,SUCCESS,10.0,1,0.5987,1,0.5987,1
011350026,1135,6,CONCERN,10.0,1,0.5987,1,0.5987,1
011350026,1135,8,ALARM,10.0,1,0.8808,1,0.8808,1
011350027,1135,0,STARTING,10.0,1,0.8808,1,0.8808,1
011350064,1135,5,AWAY,10.0,1,0.8808,1,0.8808,1
011350116,1135,0,LOOKING,10.0,1,0.8808,1,0.8808,1
011350141,1135,8,WATER,10.0,1,0.8808,1,0.8808,1
011350141,1135,9,LATELY,10.0,1,0.8808,1,0.4013,0
011350158,1135,4,LATER,10.0,1,0.8808,1,0.8808,1
011350190,1135,8,DESIGN,10.0,1,0.8808,1,0.8808,1
011350215,1135,1,AWAY,10.0,1,0.8808,1,0.8808,1
011350218,1135,1,READY,10.0,1,0.8808,1,0.8808,1
011350221,1135,1,KIDDING,10.0,1,0.8808,1,0.8808,1
011350225,1135,2,ONLY,10.0,1,0.8808,1,0.8808,1
011350249,1135,7,OTHER,10.0,1,0.8808,1,0.8808,1
011350290,1135,6,COMPANY,10.0,1,0.7135,1,0.8025,1
011350303,1135,0,SUPPORTING,10.0,1,0.3975,0,0.5246,1
011350303,1135,2,OTHER,10.0,1,0.8808,1,0.8808,1
011350318,1135,2,ONLY,10.0,1,0.8808,1,0.8808,1
011350345,1135,3,NOTHING,10.0,1,0.8808,1,0.8808,1
011350345,1135,4,UNTIL,10.0,1,0.5987,1,0.5987,1
011350345,1135,7,AFFAIR,10.0,1,0.8808,1,0.8808,1
011350345,1135,9,OVER,10.0,1,0.8808,1,0.8808,1
011350374,1135,3,POLICE,10.0,1,0.5987,1,0.5987,1
011350374,1135,4,ABOUT,10.0,1,0.8808,1,0.8808,1
011560005,1156,7,FINANCIAL,10.0,1,0.8034,1,0.7857,1
011560005,1156,8,STANDPOINT,10.0,1,0.4013,0,0.8808,1
011560058,1156,2,DANGEROUS,10.0,1,0.0994,0,0.3155,0
011560058,1156,7,DOCTOR,10.0,1,0.8808,1,0.8808,1
011560063,1156,5,GOING,10.0,1,0.8808,1,0.8808,1
011560068,1156,9,SITUATION,10.0,1,0.6084,1,0.5367,1
011560075,1156,7,BELIEVE,10.0,1,0.8808,1,0.8808,1
011560086,1156,8,COLORS,10.0,1,0.8808,1,0.8808,1
011560100,1156,4,UNDER,10.0,1,0.4013,0,0.4013,0
011560117,1156,2,ADDITION,10.0,1,0.6897,1,0.7559,1
011560117,1156,5,COLLECTION,10.0,1,0.7804,1,0.7488,1
011560184,1156,2,TAKING,10.0,1,0.8808,1,0.8808,1
011560184,1156,8,STORY,10.0,1,0.8808,1,0.4013,0
011560192,1156,1,GOING,10.0,1,0.8808,1,0.8808,1
011560192,1156,6,CRAZY,10.0,1,0.8808,1,0.8808,1
011560192,1156,7,MOMENT,10.0,1,0.8808,1,0.8808,1
011560269,1156,4,SOMETHING,10.0,1,0.4013,0,0.8808,1
011560275,1156,0,TAKING,10.0,1,0.8808,1,0.8808,1
011560289,1156,3,GOING,10.0,1,0.8808,1,0.8808,1
011560289,1156,5,HAPPEN,10.0,1,0.8808,1,0.8808,1
011560320,1156,2,GOING,10.0,1,0.8808,1,0.8808,1
011560320,1156,6,USUAL,10.0,1,0.6119,1,0.5401,1
011560353,1156,4,BLACKNESS,10.0,1,0.4013,0,0.8808,1
011810168,1181,0,BECAUSE,10.0,1,0.5987,1,0.5987,1
011810173,1181,5,WORKING,10.0,1,0.4013,0,0.4013,0
011810197,1181,8,THEMSELVES,10.0,1,0.8808,1,0.5987,1
011810206,1181,0,BLESSING,10.0,1,0.8808,1,0.8808,1
011810213,1181,0,EATING,10.0,1,0.4013,0,0.1192,0
011810214,1181,4,SUPPOSED,10.0,1,0.8808,1,0.8808,1
011810246,1181,3,ONLY,10.0,1,0.8808,1,0.8808,1
011810280,1181,5,TOGETHER,10.0,1,0.7385,1,0.431,1
011810284,1181,6,ANYTHING,10.0,1,0.7261,1,0.6108,1
011810284,1181,9,ATTEND,10.0,1,0.8808,1,0.8808,1
011810334,1181,2,ADMIT,10.0,1,0.4013,0,0.4013,0
011810334,1181,5,HIMSELF,10.0,1,0.5987,1,0.5987,1
011810377,1181,7,EXPECTED,10.0,1,0.8015,1,0.8066,1
011860256,1186,3,MANY,10.0,1,0.4013,0,0.8808,1
011860264,1186,0,EXCITED,10.0,1,0.4907,1,0.6405,1
011860264,1186,2,GOING,10.0,1,0.8808,1,0.8808,1
011860292,1186,4,VERY,10.0,1,0.8808,1,0.8808,1
011860317,1186,1,EASY,10.0,1,0.4013,0,0.4013,0
011860317,1186,2,PREVAIL,10.0,1,0.5987,1,0.5987,1
011860317,1186,3,SYSTEM,10.0,1,0.4013,0,0.4013,0
011860361,1186,2,NEVER,10.0,1,0.4013,0,0.4013,0
011860363,1186,0,AM,10.0,1,0.4013,0,0.4013,0
011860363,1186,2,NEVER,10.0,1,0.4013,0,0.4013,0
011860363,1186,5,ALLOWED,10.0,1,0.8808,1,0.8808,1
011860363,1186,8,ANYTHING,10.0,1,0.6671,1,0.173,0
012280016,1228,0,REALITY,5.0,0,0.6273,1,0.2292,0
012280016,1228,4,DRAMATIC,5.0,0,0.1235,0,0.1363,0
012280053,1228,2,EXPECTED,10.0,1,0.5451,1,0.6364,1
012280054,1228,2,ONLY,10.0,1,0.8808,1,0.8808,1
012280054,1228,7,SECOND,10.0,1,0.8808,1,0.8808,1
012280173,1228,0,ALREADY,10.0,1,0.6171,1,0.801,1
012280201,1228,2,MORNING,10.0,1,0.8808,1,0.8808,1
012280243,1228,5,ANOTHER,10.0,1,0.6004,1,0.6031,1
012280261,1228,2,SUPPOSED,10.0,1,0.8808,1,0.4013,0
012280261,1228,6,SURPRISE,10.0,1,0.8808,1,0.5987,1
012280262,1228,2,ALLOWED,10.0,1,0.8808,1,0.8808,1
012280262,1228,5,ANGRY,10.0,1,0.8808,1,0.8808,1
012280308,1228,0,EXISTENCE,10.0,1,0.136,0,0.3361,0
012280308,1228,3,BETTER,10.0,1,0.8808,1,0.8808,1
012280308,1228,5,EVERY,10.0,1,0.8808,1,0.8808,1
012280343,1228,2,DEPEND,10.0,1,0.5987,1,0.5987,1
012920062,1292,1,NOTHING,10.0,1,0.8808,1,0.4013,0
012920073,1292,2,MONEY,10.0,1,0.8808,1,0.8808,1
012920073,1292,4,CHRISTMAS,10.0,1,0.8808,1,0.8808,1
012920085,1292,4,BETTER,10.0,1,0.8808,1,0.8808,1
012920146,1292,6,VOTED,10.0,1,0.8808,1,0.8808,1
012920158,1292,5,AGAIN,10.0,1,0.1192,0,0.8808,1
012920214,1292,0,SOMETIMES,10.0,1,0.1192,0,0.5987,1
012920254,1292,0,LISTENING,10.0,1,0.4013,0,0.4013,0
012920254,1292,5,PUBLIC,10.0,1,0.4013,0,0.8808,1
012920259,1292,0,ALSO,10.0,1,0.8808,1,0.8808,1
012920268,1292,6,GOING,10.0,1,0.8808,1,0.8808,1
012920268,1292,8,IMPACT,10.0,1,0.8808,1,0.8808,1
012920299,1292,0,AWARDED,10.0,1,0.8053,1,0.8036,1
012920301,1292,0,SUMMER,10.0,1,0.8808,1,0.4013,0
012930008,1293,6,EXPLOSION,10.0,1,0.7707,1,0.8056,1
012930012,1293,3,SUPPOSED,10.0,1,0.8808,1,0.8808,1
012930028,1293,5,COMPANY,10.0,1,0.6418,1,0.2908,0
012930037,1293,1,RESULT,10.0,1,0.8808,1,0.8808,1
012930037,1293,5,PRETTY,10.0,1,0.8808,1,0.8808,1
012930040,1293,0,ANYTHING,10.0,1,0.1712,0,0.3609,0
012930051,1293,1,SALUTE,10.0,1,0.5987,1,0.5987,1
012930097,1293,4,PRESIDENT,10.0,1,0.7646,1,0.7935,1
012930097,1293,6,INTEND,10.0,1,0.8808,1,0.1192,0
012930114,1293,4,CRITICAL,10.0,1,0.7503,1,0.7752,1
012930114,1293,5,CONDITION,10.0,1,0.6198,1,0.6908,1
012930139,1293,3,ANY,10.0,1,0.4013,0,0.8808,1
012930139,1293,4,QUESTIONS,10.0,1,0.8808,1,0.8808,1
012930195,1293,6,INTERESTS,10.0,1,0.5987,1,0.5987,1
012930240,1293,7,WEEKEND,10.0,1,0.8808,1,0.8808,1
012930266,1293,0,FREEDOM,10.0,1,0.8808,1,0.8808,1
013340007,1334,5,HIMSELF,10.0,1,0.5987,1,0.5987,1
013340034,1334,0,SOMETHING,10.0,1,0.8808,1,0.8808,1
013340046,1334,5,DRAMA,10.0,1,0.8808,1,0.8808,1
013340137,1334,2,WANTED,10.0,1,0.8808,1,0.8808,1
013340204,1334,5,DESPAIR,10.0,1,0.5987,1,0.8808,1
013340217,1334,6,UNDERSTANDING,10.0,1,0.4415,1,0.5888,1
013340243,1334,7,MYSELF,10.0,1,0.5987,1,0.5987,1
013340255,1334,2,GOING,10.0,1,0.8808,1,0.4013,0
013340255,1334,6,BUSY,10.0,1,0.4013,0,0.8808,1
013340255,1334,7,EVENING,10.0,1,0.8808,1,0.8808,1
013340259,1334,3,ONLY,10.0,1,0.4013,0,0.4013,0
013340345,1334,3,SHOULDER,10.0,1,0.8808,1,0.8808,1
013340375,1334,4,ANYONE,10.0,1,0.4485,1,0.8065,1
013340378,1334,2,WANTED,10.0,1,0.8808,1,0.8808,1
014040005,1404,1,TURKEY,10.0,1,0.4013,0,0.4013,0
014040027,1404,2,CANADA,10.0,1,0.7843,1,0.7569,1
014040052,1404,0,JAYME,5.0,0,0.4013,0,0.4013,0
014040052,1404,3,BIKING,5.0,0,0.4013,0,0.4013,0
014040096,1404,3,SUNGLASSES,5.0,0,0.8008,1,0.7799,1
014040097,1404,2,LOVELY,10.0,1,0.4013,0,0.8808,1
014040097,1404,3,SHINY,5.0,0,0.8808,1,0.8808,1
014040109,1404,0,CASEY,10.0,1,0.8808,1,0.8808,1
014040111,1404,2,WALKING,10.0,1,0.1192,0,0.4013,0
014040111,1404,4,SCIENCE,10.0,1,0.4013,0,0.4013,0
014040111,1404,5,MUSEUM,10.0,1,0.1989,0,0.1288,0
014040122,1404,5,CUCUMBER,5.0,0,0.7687,1,0.6521,1
014040145,1404,0,SANDY,10.0,1,0.8808,1,0.4013,0
014040145,1404,3,ENGLISH,10.0,1,0.4013,0,0.4013,0
014040148,1404,3,FAMOUS,5.0,0,0.8808,1,0.8808,1
014040148,1404,4,CITY,5.0,0,0.8808,1,0.1192,0
014040148,1404,5,SYDNEY,5.0,0,0.4013,0,0.8808,1
014040152,1404,3,HAPPY,10.0,1,0.8808,1,0.8808,1
014080008,1408,2,SOMETHING,10.0,1,0.8808,1,0.8808,1
014080008,1408,3,VERY,10.0,1,0.4013,0,0.8808,1
014080008,1408,4,DIFFERENT,10.0,1,0.8808,1,0.5987,1
014080073,1408,2,DRIVING,10.0,1,0.8808,1,0.8808,1
014080103,1408,3,AGO,10.0,1,0.8808,1,0.5987,1
014080117,1408,5,WINDOW,10.0,1,0.4013,0,0.8808,1
014080243,1408,1,READY,10.0,1,0.4013,0,0.4013,0
014080270,1408,3,GOING,10.0,1,0.8808,1,0.4013,0
014080279,1408,0,HAPPY,10.0,1,0.8808,1,0.8808,1
014080279,1408,1,SUNDAY,10.0,1,0.8808,1,0.4013,0
014080333,1408,4,RETURN,10.0,1,0.5987,1,0.5987,1
014080336,1408,5,BROKEN,10.0,1,0.4013,0,0.8808,1
014080337,1408,2,ALMOST,10.0,1,0.1192,0,0.1192,0
014080358,1408,2,MYSELF,10.0,1,0.1192,0,0.5987,1
014080358,1408,7,HAPPINESS,10.0,1,0.705,1,0.3808,0
014080361,1408,5,WRITING,10.0,1,0.8808,1,0.8808,1
014080362,1408,2,SOMETHING,10.0,1,0.4013,0,0.8808,1
014200011,1420,1,EXPECT,10.0,1,0.8808,1,0.8808,1
014200060,1420,4,FAULTED,10.0,1,0.8808,1,0.8808,1
014200076,1420,1,ONLY,10.0,1,0.8808,1,0.4013,0
014200087,1420,1,DEFENDANTS,10.0,1,0.7179,1,0.79,1
014200087,1420,2,ALSO,10.0,1,0.8808,1,0.8808,1
014200087,1420,8,STATEMENT,10.0,1,0.4013,0,0.8808,1
014200124,1420,0,TALKING,10.0,1,0.8808,1,0.4013,0
014200161,1420,1,ABOUT,10.0,1,0.8808,1,0.8808,1
014200296,1420,2,PLENTY,10.0,1,0.8808,1,0.8808,1
014200339,1420,4,MATTER,10.0,1,0.8808,1,0.8808,1
014200342,1420,2,EVERYONE,10.0,1,0.7202,1,0.6493,1
014200353,1420,2,OVER,10.0,1,0.8808,1,0.8808,1
014220021,1422,0,DORA,10.0,1,0.8808,1,0.4013,0
014220048,1422,0,TINA,10.0,1,0.4013,0,0.4013,0
014220048,1422,3,VERY,10.0,1,0.4013,0,0.4013,0
014220048,1422,6,GYMNASTICS,10.0,1,0.2186,0,0.1774,0
014220058,1422,1,JAYME,10.0,1,0.8808,1,0.8808,1
014220066,1422,0,DORA,10.0,1,0.4013,0,0.4013,0
014220142,1422,5,POLICE,10.0,1,0.5987,1,0.5987,1
014650011,1465,0,HANDY,10.0,1,0.8808,1,0.8808,1
014650011,1465,4,TURKEY,10.0,1,0.8808,1,0.8808,1
014650023,1465,0,CATHY,10.0,1,0.8808,1,0.8808,1
014650058,1465,0,SANDY,10.0,1,0.8808,1,0.8808,1
014650063,1465,0,LINDA,10.0,1,0.8808,1,0.8808,1
014650125,1465,0,BILLY,10.0,1,0.8808,1,0.8808,1
014690004,1469,2,AWAY,10.0,1,0.8808,1,0.8808,1
014690006,1469,0,JAYME,10.0,1,0.8808,1,0.8808,1
014690006,1469,2,GOING,10.0,1,0.8808,1,0.4013,0
014690020,1469,1,DORA,10.0,1,0.8808,1,0.4013,0
014690048,1469,0,TINA,10.0,1,0.8808,1,0.4013,0
014690048,1469,3,VERY,10.0,1,0.4013,0,0.8808,1
014690048,1469,6,RUGBY,10.0,1,0.8808,1,0.8808,1
014690067,1469,0,MANDY,10.0,1,0.8808,1,0.8808,1
014690074,1469,0,LUCY,10.0,1,0.8808,1,0.8808,1
014690082,1469,4,SWEATER,10.0,1,0.8808,1,0.4013,0
014690110,1469,3,INTO,10.0,1,0.4013,0,0.4013,0
014690113,1469,3,INTO,10.0,1,0.4013,0,0.4013,0
014690113,1469,5,LIVING,10.0,1,0.8808,1,0.8808,1
014690136,1469,0,JAYME,10.0,1,0.8808,1,0.4013,0
014690136,1469,3,GARLIC,10.0,1,0.8808,1,0.8808,1
014690144,1469,0,BILLY,10.0,1,0.8808,1,0.8808,1
015010004,1501,0,LILLY,10.0,1,0.8808,1,0.8808,1
015010004,1501,2,GOING,10.0,1,0.8808,1,0.8808,1
015010004,1501,5,MONKEY,10.0,1,0.8808,1,0.8808,1
015010014,1501,2,GOING,10.0,1,0.8808,1,0.8808,1
015010014,1501,5,TIGER,10.0,1,0.8808,1,0.8808,1
015010094,1501,4,SWEATER,10.0,1,0.8808,1,0.8808,1
015010097,1501,0,TEDDY,10.0,1,0.8808,1,0.8808,1
015010137,1501,0,JAYME,10.0,1,0.8808,1,0.8808,1
015010137,1501,2,DRAWING,10.0,1,0.8808,1,0.4013,0
015010137,1501,4,POTATO,10.0,1,0.7941,1,0.7894,1
015010145,1501,0,TINA,5.0,0,0.4013,0,0.4013,0
015010145,1501,3,ENGLISH,10.0,1,0.4013,0,0.4013,0
015010169,1501,5,DOING,10.0,1,0.8808,1,0.4013,0
015020007,1502,1,TEDDY,10.0,1,0.8808,1,0.4013,0
015020010,1502,4,WETTER,10.0,1,0.8808,1,0.8808,1
015020017,1502,0,DORA,10.0,1,0.8808,1,0.8808,1
015020022,1502,0,BILLY,5.0,0,0.4013,0,0.4013,0
015020022,1502,3,JAPAN,10.0,1,0.5987,1,0.5987,1
015020061,1502,0,BETTY,10.0,1,0.4013,0,0.4013,0
015020065,1502,0,JAYME,10.0,1,0.8808,1,0.8808,1
015020088,1502,0,BETTY,10.0,1,0.8808,1,0.8808,1
015020113,1502,5,COUNTRY,10.0,1,0.8808,1,0.8808,1
015020136,1502,0,JAYME,10.0,1,0.8808,1,0.8808,1
015020136,1502,3,EGGPLANT,10.0,1,0.1192,0,0.4013,0
015020161,1502,8,MORNING,10.0,1,0.8808,1,0.8808,1
015020162,1502,1,OPENED,10.0,1,0.8808,1,0.8808,1
015030015,1503,1,SANDY,10.0,1,0.8808,1,0.8808,1
015030015,1503,6,SUPER,10.0,1,0.8808,1,0.8808,1
015030027,1503,0,LUCY,10.0,1,0.8808,1,0.8808,1
015030027,1503,5,CANADA,5.0,0,0.7733,1,0.1186,0
015030106,1503,4,CINEMA,10.0,1,0.7137,1,0.7508,1
015030109,1503,1,SANDY,10.0,1,0.4013,0,0.4013,0
015030115,1503,2,WALKING,10.0,1,0.8808,1,0.8808,1
015030115,1503,4,COMPUTER,10.0,1,0.3302,0,0.1525,0
015030133,1503,2,PUMPKIN,10.0,1,0.8808,1,0.8808,1
015030142,1503,0,BETTER,10.0,1,0.8808,1,0.8808,1
020020108,2002,2,DIFFERENT,10.0,1,0.8808,1,0.4013,0
020020108,2002,3,OPINIONS,10.0,1,0.7787,1,0.6413,1
020020108,2002,6,OTHERS,10.0,1,0.8808,1,0.8808,1
020020208,2002,2,COUNTRY,10.0,1,0.8808,1,0.8808,1
020020220,2002,1,ALARM,10.0,1,0.8808,1,0.8808,1
020020285,2002,7,PROJECT,10.0,1,0.1192,0,0.1192,0
020020295,2002,8,MONEY,10.0,1,0.8808,1,0.4013,0
020020303,2002,0,OVERALL,10.0,1,0.1201,0,0.1387,0
020020357,2002,5,PERHAPS,10.0,1,0.5987,1,0.5987,1
020070070,2007,0,SANDY,10.0,1,0.8808,1,0.8808,1
020070070,2007,3,SWEATER,10.0,1,0.8808,1,0.8808,1
020070081,2007,1,DORA,10.0,1,0.8808,1,0.4013,0
020070081,2007,3,INTO,10.0,1,0.4013,0,0.4013,0
020070083,2007,0,MANDY,10.0,1,0.8808,1,0.8808,1
020070083,2007,2,WALKING,10.0,1,0.8808,1,0.4013,0
020070091,2007,1,SANDY,10.0,1,0.4013,0,0.4013,0
020070091,2007,5,PLAYGROUND,10.0,1,0.8808,1,0.8808,1
020070095,2007,5,COMPANY,10.0,1,0.8054,1,0.7871,1
020070132,2007,4,FLOWERS,10.0,1,0.1192,0,0.8808,1
020140004,2014,0,JAYME,10.0,1,0.8808,1,0.8808,1
020140059,2014,4,ANGRY,10.0,1,0.8808,1,0.8808,1
020140074,2014,0,HENNY,10.0,1,0.8808,1,0.8808,1
020140083,2014,3,INTO,10.0,1,0.8808,1,0.8808,1
020140096,2014,1,SEVENTEEN,10.0,1,0.3137,0,0.3311,0
020140096,2014,3,INTO,10.0,1,0.4013,0,0.4013,0
020140099,2014,3,INTO,10.0,1,0.1192,0,0.1192,0
020140117,2014,0,DANIEL,10.0,1,0.8808,1,0.8808,1
020140117,2014,2,MILKING,10.0,1,0.8808,1,0.4013,0
020140133,2014,2,BEGIN,10.0,1,0.5987,1,0.5987,1
020140133,2014,3,SITTING,10.0,1,0.8808,1,0.8808,1
020160042,2016,4,EASY,10.0,1,0.8808,1,0.8808,1
020160042,2016,6,ACHIEVE,10.0,1,0.5987,1,0.5987,1
020160068,2016,4,CONCERNED,10.0,1,0.5987,1,0.5987,1
020160068,2016,5,ABOUT,10.0,1,0.8808,1,0.8808,1
020160068,2016,6,ORGANIZED,10.0,1,0.8053,1,0.7766,1
020160068,2016,7,WORKERS,10.0,1,0.8808,1,0.4013,0
020160093,2016,2,CONCERNED,10.0,1,0.5987,1,0.5987,1
020160093,2016,3,ABOUT,10.0,1,0.8808,1,0.8808,1
020160093,2016,6,FREEDOM,10.0,1,0.8808,1,0.4013,0
020160128,2016,2,SOMEONE,10.0,1,0.8808,1,0.8808,1
020160132,2016,0,HAPPY,10.0,1,0.8808,1,0.8808,1
020160151,2016,0,BEING,10.0,1,0.8808,1,0.4013,0
020160151,2016,7,PERFECT,10.0,1,0.8808,1,0.4013,0
020160171,2016,2,ANYONE,10.0,1,0.5587,1,0.56,1
020160245,2016,5,REMEMBER,10.0,1,0.5147,1,0.4644,1
020160245,2016,6,ABOUT,10.0,1,0.8808,1,0.8808,1
020160245,2016,7,TODAY,10.0,1,0.5987,1,0.8808,1
020160264,2016,3,TODAY,10.0,1,0.1192,0,0.8808,1
020160335,2016,5,VERY,10.0,1,0.8808,1,0.8808,1
020160344,2016,4,ESCAPE,10.0,1,0.8808,1,0.8808,1
020160347,2016,5,GOING,10.0,1,0.8808,1,0.8808,1
020160371,2016,8,MYSELF,10.0,1,0.5987,1,0.5987,1
020270020,2027,0,JAYME,10.0,1,0.4013,0,0.4013,0
020270077,2027,2,WALKING,10.0,1,0.8808,1,0.4013,0
020270087,2027,0,MANDY,10.0,1,0.4013,0,0.4013,0
020270087,2027,2,WALKING,10.0,1,0.8808,1,0.8808,1
020270108,2027,0,DADDY,10.0,1,0.4013,0,0.4013,0
020270142,2027,7,SISTER,10.0,1,0.8808,1,0.8808,1
020270146,2027,3,FOOTBALL,10.0,1,0.4013,0,0.4013,0
020270167,2027,3,BEGIN,10.0,1,0.5987,1,0.5987,1
020300012,2030,4,LION,10.0,1,0.8808,1,0.8808,1
020300017,2030,0,TINA,10.0,1,0.8808,1,0.4013,0
020300020,2030,0,LILLY,10.0,1,0.5987,1,0.4013,0
020300020,2030,2,GOING,10.0,1,0.8808,1,0.4013,0
020300020,2030,5,TIGER,10.0,1,0.8808,1,0.8808,1
020300056,2030,0,BILLY,10.0,1,0.4013,0,0.4013,0
020300057,2030,0,BILLY,10.0,1,0.4013,0,0.4013,0
020300059,2030,3,RAINCOAT,10.0,1,0.8808,1,0.5987,1
020300065,2030,3,RAINCOAT,10.0,1,0.5987,1,0.5987,1
020300083,2030,0,PETER,10.0,1,0.8808,1,0.4013,0
020300083,2030,2,WALKING,10.0,1,0.8808,1,0.8808,1
020300083,2030,4,NATURE,10.0,1,0.8808,1,0.8808,1
020300097,2030,4,COUNTRY,10.0,1,0.8808,1,0.8808,1
020300121,2030,3,NOSES,10.0,1,0.8808,1,0.8808,1
020300173,2030,1,MANY,10.0,1,0.8808,1,0.8808,1
020310075,2031,3,SUMMARY,10.0,1,0.8046,1,0.7675,1
020310075,2031,6,MAJOR,10.0,1,0.4013,0,0.4013,0
020310075,2031,7,PROVISIONS,10.0,1,0.2473,0,0.5594,1
020310112,2031,0,COACHES,10.0,1,0.8808,1,0.8808,1
020310133,2031,5,ALONE,10.0,1,0.8808,1,0.8808,1
020310141,2031,0,ANYTHING,10.0,1,0.2482,0,0.2488,0
020310148,2031,0,DOING,10.0,1,0.8808,1,0.8808,1
020310151,2031,0,BLESSINGS,10.0,1,0.4013,0,0.8808,1
020310154,2031,3,MANY,10.0,1,0.8808,1,0.4013,0
020310174,2031,4,WORKING,10.0,1,0.8808,1,0.8808,1
020310219,2031,1,LOOKING,10.0,1,0.4013,0,0.4013,0
020310281,2031,0,GOING,10.0,1,0.8808,1,0.4013,0
020310295,2031,2,HAPPENED,10.0,1,0.8808,1,0.8808,1
020310295,2031,5,PARTY,10.0,1,0.8808,1,0.8808,1
020310322,2031,2,MYSELF,10.0,1,0.5987,1,0.5987,1
020310322,2031,4,DARKNESS,10.0,1,0.8808,1,0.8808,1
021120059,2112,5,REMAIN,10.0,1,0.8808,1,0.8808,1
021120075,2112,9,WORKING,10.0,1,0.8808,1,0.8808,1
021120085,2112,4,HAPPEN,10.0,1,0.8808,1,0.8808,1
021120161,2112,2,GOING,10.0,1,0.8808,1,0.8808,1
021120164,2112,8,LATER,10.0,1,0.4013,0,0.4013,0
021120171,2112,2,PARTY,10.0,1,0.8808,1,0.8808,1
021120187,2112,4,WAITING,10.0,1,0.8808,1,0.8808,1
021120232,2112,2,EVERYTHING,10.0,1,0.8017,1,0.8065,1
021120233,2112,6,ABOUT,10.0,1,0.4013,0,0.4013,0
021120250,2112,6,SOLUTION,10.0,1,0.2965,0,0.3186,0
021120256,2112,0,ONLY,10.0,1,0.8808,1,0.8808,1
021120309,2112,7,EIGHTEEN,10.0,1,0.5987,1,0.8808,1
021120321,2112,2,BUSINESS,10.0,1,0.8808,1,0.4013,0
021160002,2116,7,SUSPECTS,10.0,1,0.8808,1,0.8808,1
021160027,2116,6,LOOKING,10.0,1,0.8808,1,0.4013,0
021160075,2116,2,EVERYONE,10.0,1,0.2384,0,0.3964,0
021160089,2116,8,COVER,10.0,1,0.4013,0,0.4013,0
021160090,2116,0,POLICE,10.0,1,0.5987,1,0.5987,1
021160120,2116,0,GOING,10.0,1,0.8808,1,0.8808,1
021160120,2116,9,SOMETHING,10.0,1,0.8808,1,0.4013,0
021160185,2116,4,SEPTEMBER,10.0,1,0.1104,0,0.2636,0
021160185,2116,5,ALREADY,10.0,1,0.7397,1,0.7283,1
021160195,2116,4,SMOKING,10.0,1,0.4013,0,0.4013,0
021160212,2116,5,SNOWING,10.0,1,0.8808,1,0.8808,1
021160249,2116,3,BELOW,10.0,1,0.8808,1,0.8808,1
021160249,2116,5,REGISTER,5.0,0,0.0765,0,0.0763,0
021160303,2116,3,GOING,10.0,1,0.8808,1,0.8808,1
021160303,2116,9,TONIGHT,10.0,1,0.8808,1,0.8808,1
021160310,2116,2,ABOUT,10.0,1,0.8808,1,0.8808,1
021160310,2116,5,LUCKY,10.0,1,0.8808,1,0.8808,1
021160326,2116,1,NEVER,10.0,1,0.8808,1,0.8808,1
021160326,2116,5,MISTAKE,10.0,1,0.8808,1,0.8808,1
022520012,2252,3,JACKET,10.0,1,0.4013,0,0.4013,0
022520012,2252,6,SECOND,10.0,1,0.8808,1,0.4013,0
022520174,2252,9,UNDERSTAND,10.0,1,0.6894,1,0.4033,0
022520203,2252,0,RUNNING,10.0,1,0.8808,1,0.8808,1
022520209,2252,0,HAPPINESS,10.0,1,0.2974,0,0.1815,0
022520221,2252,0,HAPPY,10.0,1,0.8808,1,0.8808,1
022520226,2252,0,ACTUALLY,10.0,1,0.4387,1,0.1951,0
022520226,2252,4,HAVING,10.0,1,0.8808,1,0.8808,1
022520258,2252,4,HOUR,10.0,1,0.8808,1,0.8808,1
022520272,2252,0,CREATED,10.0,1,0.6121,1,0.7955,1
022520290,2252,4,ANSWER,10.0,1,0.4013,0,0.4013,0
022520337,2252,1,ABOUT,10.0,1,0.8808,1,0.8808,1
022520345,2252,5,HUNGRY,10.0,1,0.8808,1,0.8808,1
022520358,2252,1,MOTHER,10.0,1,0.8808,1,0.8808,1
022520358,2252,5,VERY,10.0,1,0.8808,1,0.8808,1
022520360,2252,8,AWAY,10.0,1,0.5987,1,0.5987,1
023270032,2327,5,DECISION,10.0,1,0.7829,1,0.6904,1
023270080,2327,3,VERY,10.0,1,0.4013,0,0.8808,1
023270120,2327,1,MATTER,10.0,1,0.4013,0,0.4013,0
023270140,2327,8,AGO,10.0,1,0.4013,0,0.8808,1
023270214,2327,5,BETTER,10.0,1,0.8808,1,0.8808,1
023270237,2327,3,BLAMING,10.0,1,0.8808,1,0.8808,1
023270237,2327,7,BEING,10.0,1,0.8808,1,0.1192,0
023270268,2327,5,TODAY,10.0,1,0.5987,1,0.5987,1
023270280,2327,0,ABOUT,10.0,1,0.8808,1,0.8808,1
023270303,2327,6,DECISION,10.0,1,0.8064,1,0.7224,1
023270319,2327,4,NOTHING,10.0,1,0.8808,1,0.4013,0
023270364,2327,4,SOMETHING,10.0,1,0.8808,1,0.8808,1
023550002,2355,9,PERSONALLY,10.0,1,0.4871,1,0.5154,1
023550003,2355,0,SPEAKER,10.0,1,0.4013,0,0.4013,0
023550003,2355,2,SPEAKER,10.0,1,0.8808,1,0.8808,1
023550003,2355,8,MILITARY,10.0,1,0.405,1,0.5301,1
023550008,2355,4,MONEY,10.0,1,0.4013,0,0.4013,0
023550008,2355,6,ABROAD,10.0,1,0.1192,0,0.5987,1
023550013,2355,6,FUNNY,10.0,1,0.8808,1,0.8808,1
023550123,2355,0,TODAY,10.0,1,0.5987,1,0.5987,1
023550123,2355,2,GOING,10.0,1,0.8808,1,0.8808,1
023550123,2355,6,BUSY,10.0,1,0.8808,1,0.8808,1
023550138,2355,0,EDITOR,10.0,1,0.7938,1,0.7899,1
023550175,2355,5,ALLOWED,10.0,1,0.8808,1,0.8808,1
023550201,2355,8,RECOVER,10.0,1,0.4921,1,0.5562,1
023550202,2355,0,TODAY,10.0,1,0.1192,0,0.5987,1
023550202,2355,6,REVOLUTION,10.0,1,0.4379,1,0.6558,1
023550230,2355,0,ANGER,10.0,1,0.8808,1,0.8808,1
023550230,2355,2,SOMETHING,10.0,1,0.8808,1,0.8808,1
023550230,2355,9,CONTROL,10.0,1,0.8808,1,0.8808,1
023550233,2355,4,TALENT,10.0,1,0.8808,1,0.8808,1
023550257,2355,5,BRITISH,10.0,1,0.4013,0,0.4013,0
023550290,2355,0,UNABLE,10.0,1,0.7175,1,0.7146,1
023550341,2355,4,MILITARY,10.0,1,0.7146,1,0.4811,1
024380041,2438,1,HAPPENED,10.0,1,0.4013,0,0.4013,0
024380142,2438,5,CORNER,10.0,1,0.8808,1,0.8808,1
024380194,2438,4,PARTY,10.0,1,0.8808,1,0.8808,1
024380200,2438,7,BETTER,10.0,1,0.8808,1,0.8808,1
024380204,2438,5,CONCERT,10.0,1,0.8808,1,0.8808,1
024380234,2438,1,EVERY,10.0,1,0.8808,1,0.8808,1
024380265,2438,2,BUCKET,10.0,1,0.8808,1,0.8808,1
024380276,2438,3,SOMETHING,10.0,1,0.8808,1,0.8808,1
024380276,2438,5,BELIEVE,10.0,1,0.5987,1,0.5987,1
024380278,2438,0,HAPPY,10.0,1,0.8808,1,0.8808,1
024380278,2438,1,BIRTHDAY,10.0,1,0.8808,1,0.8808,1
024380317,2438,7,OPENED,10.0,1,0.8808,1,0.8808,1
024380354,2438,4,ALWAYS,10.0,1,0.5987,1,0.5987,1
024380363,2438,4,DRIFTING,10.0,1,0.8808,1,0.8808,1
024380369,2438,2,HAPPENED,10.0,1,0.8808,1,0.8808,1
024380369,2438,4,PURPOSE,10.0,1,0.4013,0,0.4013,0
024410092,2441,7,VICTORY,10.0,1,0.2906,0,0.381,0
024410092,2441,8,AGAINST,10.0,1,0.8808,1,0.5987,1
024410092,2441,9,ANYBODY,10.0,1,0.1401,0,0.1479,0
024410098,2441,2,ALSO,10.0,1,0.1192,0,0.8808,1
024410098,2441,3,AMONG,10.0,1,0.8808,1,0.4013,0
024410098,2441,5,TRYING,10.0,1,0.8808,1,0.8808,1
024410110,2441,8,SOMETHING,10.0,1,0.8808,1,0.8808,1
024410110,2441,9,EXTRA,10.0,1,0.8808,1,0.8808,1
024410149,2441,6,STATUE,10.0,1,0.8808,1,0.4013,0
024410160,2441,0,FINISHED,10.0,1,0.8808,1,0.4013,0
024410228,2441,5,SNOWSTORM,10.0,1,0.8808,1,0.4013,0
024410312,2441,3,ABOUT,10.0,1,0.4013,0,0.4013,0
024410312,2441,4,SETTING,10.0,1,0.8808,1,0.8808,1
024410312,2441,9,FUTURE,10.0,1,0.8808,1,0.8808,1
024410318,2441,8,MOMENT,10.0,1,0.8808,1,0.8808,1
024410368,2441,1,MOTIVE,10.0,1,0.8808,1,0.4013,0
024480016,2448,5,OFFICIAL,10.0,1,0.4366,0,0.3582,0
024480094,2448,3,INTEREST,10.0,1,0.4013,0,0.4013,0
024480094,2448,5,ATTEMPTING,10.0,1,0.7179,1,0.6612,1
024480095,2448,0,THURSDAY,10.0,1,0.8808,1,0.8808,1
024480105,2448,5,ABOUT,10.0,1,0.8808,1,0.8808,1
024480105,2448,7,PHYSICAL,10.0,1,0.5873,1,0.7571,1
024480127,2448,9,INTERVIEW,10.0,1,0.0995,0,0.1079,0
024480159,2448,5,SELFISHNESS,10.0,1,0.7742,1,0.7814,1
024480188,2448,0,HOPING,10.0,1,0.8808,1,0.8808,1
024480188,2448,4,DOING,10.0,1,0.8808,1,0.4013,0
024480212,2448,1,ABOUT,10.0,1,0.8808,1,0.8808,1
024480228,2448,6,MOVIE,10.0,1,0.4013,0,0.4013,0
024480232,2448,0,SOMETIMES,10.0,1,0.1192,0,0.5987,1
024480232,2448,8,NOTHING,10.0,1,0.8808,1,0.8808,1
024480241,2448,2,TRYING,10.0,1,0.8808,1,0.8808,1
024480255,2448,5,SOMETHING,10.0,1,0.8808,1,0.8808,1
024480297,2448,1,BELIEVE,10.0,1,0.5987,1,0.5987,1
024480297,2448,8,HAPPEN,10.0,1,0.8808,1,0.8808,1
024480335,2448,2,COMING,10.0,1,0.8808,1,0.8808,1
024510043,2451,1,VERY,10.0,1,0.8808,1,0.8808,1
024510061,2451,2,PRECIOUS,10.0,1,0.8808,1,0.8808,1
024510070,2451,7,MANAGEMENT,10.0,1,0.7681,1,0.7492,1
024510164,2451,3,AFRICA,10.0,1,0.4908,1,0.5419,1
024510179,2451,5,ALREADY,10.0,1,0.3319,0,0.1071,0
024510215,2451,5,MYSELF,10.0,1,0.5987,1,0.5987,1
024510224,2451,3,DIFFERENCE,10.0,1,0.5987,1,0.5987,1
024510224,2451,8,DIFFERENCE,10.0,1,0.5987,1,0.1192,0
024510252,2451,0,SOMEONE,10.0,1,0.8808,1,0.8808,1
024510316,2451,4,SUFFICIENT,10.0,1,0.6775,1,0.4027,1
024510336,2451,0,HUMANE,10.0,1,0.8808,1,0.5987,1
024510336,2451,1,DOCTORS,10.0,1,0.4013,0,0.4013,0
024510351,2451,1,PROFESSOR,10.0,1,0.5094,1,0.6078,1
024880041,2488,2,ABOUT,10.0,1,0.8808,1,0.8808,1
024880059,2488,0,EVERYTHING,10.0,1,0.2496,0,0.2639,0
024880059,2488,3,AHEAD,10.0,1,0.8808,1,0.8808,1
024880070,2488,7,POWER,10.0,1,0.8808,1,0.8808,1
024880118,2488,5,ONLY,10.0,1,0.4013,0,0.4013,0
024880118,2488,7,BEGINNING,10.0,1,0.6249,1,0.5472,1
024880176,2488,0,BECAUSE,10.0,1,0.5987,1,0.5987,1
024880207,2488,5,BETTER,10.0,1,0.8808,1,0.8808,1
024880234,2488,0,INSTEAD,10.0,1,0.5987,1,0.5987,1
024880258,2488,2,EVER,10.0,1,0.8808,1,0.8808,1
024880258,2488,4,ABOUT,10.0,1,0.8808,1,0.8808,1
024880299,2488,2,GOING,10.0,1,0.8808,1,0.8808,1
024880299,2488,7,MOVIE,10.0,1,0.4013,0,0.4013,0
024880299,2488,8,EVER,10.0,1,0.8808,1,0.5987,1
024880339,2488,2,TRYING,10.0,1,0.8808,1,0.8808,1
025380004,2538,9,BALLOONS,10.0,1,0.5987,1,0.8808,1
025380051,2538,6,READY,10.0,1,0.8808,1,0.4013,0
025380091,2538,4,INTERNATIONAL,10.0,1,0.2409,0,0.2791,0
025380107,2538,5,CONDITION,10.0,1,0.4146,0,0.5971,1
025380107,2538,6,TODAY,10.0,1,0.5987,1,0.8808,1
025380151,2538,3,DEADLY,10.0,1,0.8808,1,0.8808,1
025380152,2538,0,MEANWHILE,10.0,1,0.8808,1,0.1192,0
025380158,2538,0,PUTTING,10.0,1,0.8808,1,0.8808,1
025380175,2538,2,GETTING,10.0,1,0.8808,1,0.4013,0
025380175,2538,3,READY,10.0,1,0.4013,0,0.8808,1
025380202,2538,4,VIDEO,10.0,1,0.3396,0,0.299,0
025380217,2538,4,RIDICULOUS,10.0,1,0.2141,0,0.1805,0
025380256,2538,6,POPULAR,10.0,1,0.7132,1,0.6214,1
025380277,2538,4,EARTHQUAKE,10.0,1,0.5987,1,0.5987,1
025380298,2538,6,WEEKEND,10.0,1,0.8808,1,0.8808,1
025380340,2538,3,MOMENT,10.0,1,0.8808,1,0.8808,1
025380347,2538,4,OPENING,10.0,1,0.6122,1,0.5175,1
027400125,2740,5,BABY,10.0,1,0.8808,1,0.8808,1
027400151,2740,7,VIDEO,10.0,1,0.8025,1,0.7879,1
027400173,2740,0,READY,10.0,1,0.8808,1,0.8808,1
027400176,2740,5,HAPPY,10.0,1,0.8808,1,0.8808,1
027400246,2740,0,TRULY,10.0,1,0.8808,1,0.8808,1
027400276,2740,4,SALARY,10.0,1,0.7328,1,0.7708,1
027400283,2740,3,ABOUT,10.0,1,0.4013,0,0.8808,1
027400286,2740,4,ALIVE,10.0,1,0.4013,0,0.8808,1
027400295,2740,4,GOING,10.0,1,0.8808,1,0.4013,0
027400321,2740,2,INTO,10.0,1,0.8808,1,0.8808,1
027400321,2740,5,TRYING,10.0,1,0.8808,1,0.8808,1
027400372,2740,5,COURTING,10.0,1,0.8808,1,0.8808,1
028920012,2892,0,SENDING,10.0,1,0.8808,1,0.8808,1
028920012,2892,4,BLESSINGS,10.0,1,0.8808,1,0.8808,1
028920044,2892,5,OTHER,10.0,1,0.4013,0,0.4013,0
028920044,2892,7,WOUNDED,10.0,1,0.8808,1,0.8808,1
028920050,2892,5,FREEDOM,10.0,1,0.8808,1,0.8808,1
028920131,2892,5,FIGHTING,10.0,1,0.8808,1,0.8808,1
028920200,2892,2,HARDLY,10.0,1,0.8808,1,0.4013,0
028920213,2892,3,EASY,10.0,1,0.4013,0,0.4013,0
028920213,2892,6,EVERYTHING,10.0,1,0.7926,1,0.8002,1
028920214,2892,2,READY,10.0,1,0.8808,1,0.8808,1
028920224,2892,4,SELFISH,10.0,1,0.4013,0,0.8808,1
028920239,2892,5,TODAY,10.0,1,0.5987,1,0.8808,1
028920315,2892,6,SUNSHINE,10.0,1,0.5987,1,0.8808,1
028970002,2897,6,ANYTHING,10.0,1,0.7928,1,0.4229,0
028970002,2897,7,ABOUT,10.0,1,0.8808,1,0.8808,1
028970016,2897,6,ANOTHER,10.0,1,0.7778,1,0.8062,1
028970016,2897,7,OFFER,10.0,1,0.8808,1,0.8808,1
028970022,2897,3,DISMISSED,10.0,1,0.8808,1,0.8808,1
028970022,2897,4,BECAUSE,10.0,1,0.8808,1,0.5987,1
028970022,2897,6,NOTHING,10.0,1,0.8808,1,0.4013,0
028970039,2897,5,EXPECTED,10.0,1,0.8039,1,0.8041,1
028970052,2897,3,ABOUT,10.0,1,0.8808,1,0.8808,1
028970052,2897,6,LATER,10.0,1,0.8808,1,0.8808,1
028970088,2897,2,GOING,10.0,1,0.8808,1,0.8808,1
028970129,2897,3,OTHER,10.0,1,0.4013,0,0.4013,0
028970129,2897,4,ACCOUNT,10.0,1,0.8808,1,0.8808,1
028970146,2897,3,ONLY,10.0,1,0.4013,0,0.8808,1
028970153,2897,5,DISCUSSION,10.0,1,0.2064,0,0.5625,1
028970158,2897,3,GOING,10.0,1,0.8808,1,0.8808,1
028970190,2897,0,WELCOME,10.0,1,0.8808,1,0.8808,1
028970198,2897,6,TONIGHT,10.0,1,0.8808,1,0.5987,1
028970245,2897,0,HELLO,10.0,1,0.5987,1,0.5987,1
028970294,2897,4,VERY,10.0,1,0.8808,1,0.8808,1
028970329,2897,1,SHOUTED,10.0,1,0.8808,1,0.8808,1
029170043,2917,1,BELIEVE,10.0,1,0.5987,1,0.5987,1
029170055,2917,2,CONCLUSION,10.0,1,0.3578,0,0.4894,1
029170104,2917,2,ALSO,10.0,1,0.8808,1,0.4013,0
029170104,2917,4,SHARPLY,10.0,1,0.8808,1,0.4013,0
029170156,2917,3,WAITING,10.0,1,0.8808,1,0.8808,1
029170161,2917,4,ANY,10.0,1,0.8808,1,0.8808,1
029170161,2917,5,QUESTIONS,10.0,1,0.4013,0,0.4013,0
029170177,2917,0,DOING,10.0,1,0.8808,1,0.4013,0
029170181,2917,1,PICTURE,10.0,1,0.4013,0,0.4013,0
029170196,2917,1,ONLY,10.0,1,0.4013,0,0.4013,0
029170211,2917,5,MUSIC,10.0,1,0.8808,1,0.8808,1
029170226,2917,4,INTEREST,10.0,1,0.1192,0,0.5987,1
029170309,2917,2,NEVER,10.0,1,0.8808,1,0.8808,1
029170309,2917,5,ATTENDANT,10.0,1,0.7881,1,0.7788,1
029170321,2917,3,MEMORY,10.0,1,0.7882,1,0.8061,1
029170321,2917,6,FATHERS,10.0,1,0.8808,1,0.8808,1
029170359,2917,2,TRANSFERRED,10.0,1,0.5987,1,0.5987,1
029170359,2917,7,ANOTHER,10.0,1,0.5524,1,0.6171,1
029370106,2937,6,BUSINESS,10.0,1,0.8808,1,0.8808,1
029370106,2937,8,USUAL,10.0,1,0.798,1,0.7637,1
029370108,2937,4,CAMPAIGN,10.0,1,0.5987,1,0.5987,1
029370108,2937,7,ISSUE,10.0,1,0.4013,0,0.4013,0
029370108,2937,9,WEAPONS,10.0,1,0.8808,1,0.8808,1
029370230,2937,7,TODAY,10.0,1,0.5987,1,0.5987,1
029370235,2937,4,GOING,10.0,1,0.8808,1,0.8808,1
029370239,2937,5,BETTER,10.0,1,0.8808,1,0.8808,1
029370379,2937,4,ANYWAY,10.0,1,0.7785,1,0.6717,1
030070108,3007,3,FALLING,10.0,1,0.8808,1,0.4013,0
030070112,3007,6,SOMETHING,10.0,1,0.8808,1,0.8808,1
030120001,3012,2,MANY,10.0,1,0.4013,0,0.4013,0
030120003,3012,7,ABOUT,10.0,1,0.8808,1,0.8808,1
030120072,3012,3,SISTER,10.0,1,0.4013,0,0.4013,0
030120089,3012,2,SOMETHING,10.0,1,0.8808,1,0.8808,1
030120173,3012,2,GOING,10.0,1,0.8808,1,0.4013,0
030140010,3014,5,DRIVING,10.0,1,0.8808,1,0.8808,1
030140017,3014,4,ALREADY,10.0,1,0.4495,0,0.4634,0
030140053,3014,3,MORNING,10.0,1,0.8808,1,0.8808,1
030140089,3014,3,EIGHTEEN,10.0,1,0.5987,1,0.8808,1
030140128,3014,4,EVERY,10.0,1,0.8808,1,0.8808,1
030140134,3014,2,ELEVEN,10.0,1,0.8013,1,0.6566,1
030270013,3027,2,ONLY,10.0,1,0.4013,0,0.4013,0
030270049,3027,7,HAPPY,10.0,1,0.8808,1,0.8808,1
030270053,3027,3,GIVING,10.0,1,0.8808,1,0.4013,0
030270116,3027,4,WANTED,10.0,1,0.8808,1,0.8808,1
030270161,3027,3,STORY,10.0,1,0.8808,1,0.8808,1
030270175,3027,4,WINDY,10.0,1,0.4013,0,0.4013,0
030270175,3027,6,RAINY,10.0,1,0.8808,1,0.4013,0
030600004,3060,4,BEGINNING,5.0,0,0.1067,0,0.0755,0
030600039,3060,2,MOTHER,10.0,1,0.4013,0,0.8808,1
030600042,3060,2,OVER,10.0,1,0.8808,1,0.4013,0
030600052,3060,2,ONLY,10.0,1,0.8808,1,0.8808,1
030600070,3060,4,SOMETHING,10.0,1,0.4013,0,0.8808,1
030600156,3060,3,COMING,10.0,1,0.8808,1,0.8808,1
030750030,3075,6,ABOUT,10.0,1,0.4013,0,0.4013,0
030750034,3075,2,EASY,10.0,1,0.8808,1,0.8808,1
030750057,3075,2,GOING,10.0,1,0.8808,1,0.4013,0
030750074,3075,1,EVENING,10.0,1,0.4013,0,0.4013,0
030750074,3075,3,FAILING,10.0,1,0.8808,1,0.8808,1
030750108,3075,2,LOVING,10.0,1,0.8808,1,0.8808,1
030750128,3075,5,WAITING,10.0,1,0.8808,1,0.4013,0
030750155,3075,3,SOMETHING,10.0,1,0.4013,0,0.4013,0
032140082,3214,2,OPENED,10.0,1,0.8808,1,0.8808,1
032140110,3214,4,AGAIN,10.0,1,0.4013,0,0.8808,1
032140117,3214,0,ANY,10.0,1,0.4013,0,0.4013,0
032140121,3214,6,MANY,10.0,1,0.4013,0,0.4013,0
032140169,3214,3,MERRY,10.0,1,0.8808,1,0.8808,1
034120027,3412,2,ANY,10.0,1,0.8808,1,0.8808,1
034120035,3412,2,SECOND,10.0,1,0.4013,0,0.4013,0
034120077,3412,4,EVERY,10.0,1,0.8808,1,0.8808,1
034120085,3412,5,WAITING,10.0,1,0.8808,1,0.8808,1
034120101,3412,2,ONLY,10.0,1,0.4013,0,0.8808,1
034120111,3412,3,MOTHER,10.0,1,0.4013,0,0.4013,0
034120125,3412,3,LISTENING,10.0,1,0.7806,1,0.7526,1
034120155,3412,2,FORTY,10.0,1,0.8808,1,0.8808,1
034120161,3412,4,OVER,10.0,1,0.8808,1,0.8808,1
036310098,3631,2,PARENTS,10.0,1,0.8808,1,0.8808,1
036310116,3631,2,OVER,10.0,1,0.8808,1,0.8808,1
036310116,3631,4,OVER,10.0,1,0.4013,0,0.4013,0
036310159,3631,6,HAPPY,10.0,1,0.4013,0,0.4013,0
050150024,5015,2,AFRAID,10.0,1,0.8808,1,0.8808,1
050150024,5015,7,ALONE,10.0,1,0.8808,1,0.8808,1
050150028,5015,3,OTHERS,10.0,1,0.8808,1,0.5987,1
050150041,5015,3,ABOUT,10.0,1,0.8808,1,0.8808,1
050150041,5015,5,MATTER,10.0,1,0.8808,1,0.8808,1
050150041,5015,8,OTHER,10.0,1,0.8808,1,0.8808,1
050150070,5015,2,NOTHING,10.0,1,0.8808,1,0.8808,1
050150093,5015,1,CERTAINLY,10.0,1,0.6442,1,0.5526,1
050150116,5015,7,THEMSELVES,10.0,1,0.5987,1,0.5987,1
050150125,5015,4,MORNING,10.0,1,0.8808,1,0.8808,1
050150163,5015,1,NEVER,10.0,1,0.8808,1,0.8808,1
050150165,5015,3,SISTER,10.0,1,0.8808,1,0.4013,0
050150170,5015,4,TELLING,10.0,1,0.8808,1,0.4013,0
050170002,5017,7,ABOUT,10.0,1,0.8808,1,0.8808,1
050170005,5017,0,NOTHING,10.0,1,0.8808,1,0.8808,1
050170101,5017,3,TODAY,10.0,1,0.8808,1,0.5987,1
050170117,5017,5,NOTHING,10.0,1,0.8808,1,0.4013,0
050170131,5017,6,BEGIN,10.0,1,0.8808,1,0.5987,1
050170131,5017,7,ABOUT,10.0,1,0.8808,1,0.8808,1
050170132,5017,9,HAPPEN,10.0,1,0.4013,0,0.8808,1
050170151,5017,2,NOTHING,10.0,1,0.8808,1,0.8808,1
050170151,5017,3,UNDER,10.0,1,0.4013,0,0.4013,0
050170154,5017,2,NOTHING,10.0,1,0.8808,1,0.8808,1
050170154,5017,6,ABOUT,10.0,1,0.4013,0,0.8808,1
050290028,5029,3,BECOME,10.0,1,0.5987,1,0.5987,1
050290028,5029,8,ALONE,10.0,1,0.8808,1,0.8808,1
050290042,5029,4,DIFFERENT,10.0,1,0.5987,1,0.1192,0
050290060,5029,3,ANY,10.0,1,0.8808,1,0.8808,1
050290062,5029,0,OUR,10.0,1,0.4013,0,0.8808,1
050290087,5029,7,LONDON,10.0,1,0.4013,0,0.8808,1
050290087,5029,9,WINTER,10.0,1,0.8808,1,0.4013,0
050290120,5029,2,NOTHING,10.0,1,0.8808,1,0.8808,1
050290120,5029,3,HAPPENED,10.0,1,0.8808,1,0.8808,1
050290136,5029,3,NOTHING,10.0,1,0.8808,1,0.8808,1
050290145,5029,8,NOTHING,10.0,1,0.8808,1,0.4013,0
050290167,5029,2,NOTHING,10.0,1,0.8808,1,0.8808,1
050390001,5039,2,ALSO,10.0,1,0.4013,0,0.8808,1
050390001,5039,7,AWAY,10.0,1,0.4013,0,0.5987,1
050390011,5039,4,FINISH,10.0,1,0.4013,0,0.4013,0
050390020,5039,4,AWAY,10.0,1,0.4013,0,0.1192,0
050390021,5039,0,NOTHING,10.0,1,0.8808,1,0.8808,1
050390040,5039,5,WONDERFUL,10.0,1,0.7578,1,0.8056,1
050390048,5039,2,AWAY,10.0,1,0.5987,1,0.5987,1
050390048,5039,3,SLOWLY,10.0,1,0.8808,1,0.8808,1
050390048,5039,4,INTO,10.0,1,0.4013,0,0.4013,0
050390057,5039,3,BETTER,10.0,1,0.4013,0,0.4013,0
050390057,5039,4,STUDY,10.0,1,0.8808,1,0.8808,1
050390087,5039,5,LETTER,10.0,1,0.4013,0,0.8808,1
050390090,5039,0,NOTHING,10.0,1,0.8808,1,0.4013,0
050390114,5039,4,LADY,10.0,1,0.8808,1,0.8808,1
050390129,5039,5,ALREADY,10.0,1,0.4512,0,0.5168,1
050390175,5039,5,ALSO,10.0,1,0.8808,1,0.8808,1
050720001,5072,3,GROWING,10.0,1,0.8808,1,0.4013,0
050720017,5072,5,OTHER,10.0,1,0.4013,0,0.4013,0
050720040,5072,4,OTHERS,10.0,1,0.1192,0,0.8808,1
050720072,5072,2,NEVER,10.0,1,0.4013,0,0.4013,0
050720072,5072,5,OTHER,10.0,1,0.8808,1,0.8808,1
050720076,5072,2,CLEVER,10.0,1,0.8808,1,0.8808,1
050720076,5072,8,WATER,10.0,1,0.8808,1,0.8808,1
050720078,5072,1,LIKENESS,10.0,1,0.4013,0,0.8808,1
050720078,5072,4,LADY,10.0,1,0.8808,1,0.8808,1
050720079,5072,3,NOTHING,10.0,1,0.8808,1,0.8808,1
050720124,5072,3,IMPORTANT,10.0,1,0.7158,1,0.734,1
050720124,5072,8,QUIET,10.0,1,0.4013,0,0.4013,0
050720126,5072,1,OTHERS,10.0,1,0.8808,1,0.8808,1
050720138,5072,0,ONLY,10.0,1,0.4013,0,0.4013,0
050720138,5072,3,BETTER,10.0,1,0.4013,0,0.4013,0
052200020,5220,4,ABOUT,10.0,1,0.8808,1,0.8808,1
052200044,5220,4,AWAY,10.0,1,0.8808,1,0.8808,1
052200050,5220,1,ALONE,10.0,1,0.8808,1,0.8808,1
052200050,5220,6,OTHER,10.0,1,0.8808,1,0.8808,1
052200066,5220,2,NOTHING,10.0,1,0.4013,0,0.4013,0
052200076,5220,4,LETTER,10.0,1,0.8808,1,0.4013,0
052200092,5220,1,MOTHER,10.0,1,0.4013,0,0.4013,0
052200110,5220,5,STORY,10.0,1,0.8808,1,0.8808,1
052200142,5220,3,AWAY,10.0,1,0.8808,1,0.8808,1
052200142,5220,6,AM,10.0,1,0.8808,0,0.1192,0
052200142,5220,7,AFRAID,10.0,1,0.8808,1,0.8808,1
052200150,5220,6,AM,10.0,1,0.4013,0,0.8808,0
052200152,5220,3,MORNING,10.0,1,0.8808,1,0.8808,1
054060017,5406,3,BROTHER,10.0,1,0.8808,1,0.8808,1
054060036,5406,6,SOMETHING,10.0,1,0.4013,0,0.8808,1
054060076,5406,6,AWAY,10.0,1,0.5987,1,0.8808,1
054060116,5406,3,OLDER,10.0,1,0.8808,1,0.4013,0
054060126,5406,3,AFRAID,10.0,1,0.8808,1,0.8808,1
054060147,5406,3,HUNGRY,10.0,1,0.8808,1,0.8808,1
054060149,5406,6,PLACES,10.0,1,0.8808,1,0.8808,1
054060149,5406,8,OTHER,10.0,1,0.4013,0,0.4013,0
054060153,5406,3,HOMEWORK,10.0,1,0.8808,1,0.8808,1
054060173,5406,9,OVER,10.0,1,0.4013,0,0.4013,0
054280012,5428,0,NOTHING,10.0,1,0.8808,1,0.4013,0
054280023,5428,4,SOMETHING,10.0,1,0.4013,0,0.4013,0
054280030,5428,4,AGAIN,10.0,1,0.8808,1,0.5987,1
054280042,5428,6,LADY,10.0,1,0.8808,1,0.8808,1
054280049,5428,4,OTHERS,10.0,1,0.8808,1,0.8808,1
054280118,5428,6,ABOUT,10.0,1,0.4013,0,0.8808,1
054280128,5428,0,NOTHING,10.0,1,0.8808,1,0.4013,0
054280148,5428,3,NOTHING,10.0,1,0.4013,0,0.4013,0
054320015,5432,3,MOTHER,10.0,1,0.8808,1,0.4013,0
054320020,5432,2,WOMAN,10.0,1,0.8808,1,0.8808,1
054320024,5432,6,BETTER,10.0,1,0.4013,0,0.4013,0
054320061,5432,6,OPEN,10.0,1,0.8808,1,0.8808,1
054320067,5432,3,NOTHING,10.0,1,0.8808,1,0.8808,1
054320080,5432,6,ABOUT,10.0,1,0.8808,1,0.8808,1
054320099,5432,4,AWAY,10.0,1,0.8808,1,0.5987,1
054320099,5432,6,ANY,10.0,1,0.8808,1,0.8808,1
054320118,5432,3,BEGIN,10.0,1,0.5987,1,0.5987,1
054320118,5432,5,WORRY,10.0,1,0.8808,1,0.8808,1
054320118,5432,6,ABOUT,10.0,1,0.8808,1,0.8808,1
054320140,5432,2,VERY,10.0,1,0.4013,0,0.4013,0
054320149,5432,4,PALACE,10.0,1,0.4013,0,0.4013,0
054320149,5432,7,EVENING,10.0,1,0.1192,0,0.8808,1
055470040,5547,3,COUNTRY,10.0,1,0.8808,1,0.8808,1
055470046,5547,2,ONLY,10.0,1,0.8808,1,0.8808,1
055470046,5547,3,OUTSIDE,10.0,1,0.1192,0,0.1192,0
055470082,5547,1,WOMAN,10.0,1,0.8808,1,0.8808,1
055470088,5547,2,BETTER,10.0,1,0.8808,1,0.8808,1
055470105,5547,2,NOTHING,10.0,1,0.8808,1,0.4013,0
055470105,5547,4,PARTIES,10.0,1,0.8808,1,0.8808,1
055470120,5547,5,QUIET,10.0,1,0.8808,1,0.8808,1
055470141,5547,6,ANGRY,10.0,1,0.8808,1,0.8808,1
055470170,5547,4,MONEY,10.0,1,0.8808,1,0.8808,1
055470175,5547,1,ABOUT,10.0,1,0.4013,0,0.8808,1
060670002,6067,7,PARENTS,10.0,1,0.8808,1,0.8808,1
060670003,6067,5,WONDERFUL,10.0,1,0.5239,1,0.6122,1
060670017,6067,3,MYSELF,10.0,1,0.5987,1,0.5987,1
060670017,6067,6,NOTHING,10.0,1,0.8808,1,0.8808,1
060670017,6067,7,ABOUT,10.0,1,0.8808,1,0.8808,1
060670035,6067,0,ONLY,10.0,1,0.4013,0,0.4013,0
060670038,6067,2,HAPPENED,10.0,1,0.8808,1,0.8808,1
060670038,6067,5,WONDER,10.0,1,0.8808,1,0.8808,1
060670041,6067,4,PRETTY,10.0,1,0.4013,0,0.4013,0
060670044,6067,6,QUIET,10.0,1,0.8808,1,0.8808,1
060670044,6067,9,READY,10.0,1,0.8808,1,0.8808,1
060670049,6067,2,ANGRY,10.0,1,0.8808,1,0.8808,1
060670060,6067,1,WONDER,10.0,1,0.8808,1,0.8808,1
060670060,6067,5,LADY,10.0,1,0.8808,1,0.8808,1
060670062,6067,1,WONDER,10.0,1,0.8808,1,0.8808,1
060670062,6067,3,WONDERS,10.0,1,0.8808,1,0.8808,1
060670072,6067,2,VERY,10.0,1,0.4013,0,0.4013,0
060670072,6067,4,OVER,10.0,1,0.8808,1,0.8808,1
060670075,6067,2,ABOUT,10.0,1,0.8808,1,0.8808,1
060670080,6067,7,AFRAID,10.0,1,0.8808,1,0.8808,1
060670094,6067,2,NEVER,10.0,1,0.8808,1,0.8808,1
060990029,6099,2,EVENING,10.0,1,0.8808,1,0.8808,1
060990029,6099,5,AGAIN,10.0,1,0.8808,1,0.8808,1
060990039,6099,2,STANDING,10.0,1,0.8808,1,0.8808,1
060990059,6099,3,MANY,10.0,1,0.8808,1,0.8808,1
060990059,6099,4,OTHERS,10.0,1,0.5987,1,0.5987,1
060990083,6099,1,WONDER,10.0,1,0.8808,1,0.8808,1
060990129,6099,6,HELPING,10.0,1,0.8808,1,0.8808,1
060990175,6099,3,WILLING,10.0,1,0.8808,1,0.4013,0
060990175,6099,6,OTHERS,10.0,1,0.8803,1,0.5987,1
069020020,6902,5,MATTER,10.0,1,0.8808,1,0.8808,1
069020044,6902,9,STANDING,10.0,1,0.8808,1,0.8808,1
069020059,6902,5,ANY,5.0,0,0.4013,0,0.8808,1
069020065,6902,3,AWAY,5.0,0,0.8808,1,0.8808,1
069020065,6902,6,NOTHING,10.0,1,0.4013,0,0.4013,0
069020091,6902,0,PUSHING,10.0,1,0.8808,1,0.4013,0
069020091,6902,3,OPEN,10.0,1,0.1192,0,0.8808,1
069020096,6902,1,WONDER,10.0,1,0.8808,1,0.8808,1
069020096,6902,2,EVERY,10.0,1,0.4013,0,0.8808,1
069020103,6902,2,EVENTS,10.0,1,0.1192,0,0.8808,1
069020155,6902,1,ANOTHER,5.0,0,0.801,1,0.7591,1
069020168,6902,1,CHILDREN,10.0,1,0.8808,1,0.4013,0
080630011,8063,4,UNDER,10.0,1,0.4013,0,0.4013,0
080630014,8063,1,FACES,10.0,1,0.8808,1,0.8808,1
080630019,8063,2,BELIEVE,10.0,1,0.5987,1,0.5987,1
080630053,8063,2,NEVER,10.0,1,0.8808,1,0.8808,1
080630086,8063,8,WISHES,10.0,1,0.8808,1,0.8808,1
080630093,8063,2,TALKING,10.0,1,0.8808,1,0.8808,1
080630094,8063,1,SECOND,10.0,1,0.8808,1,0.8808,1
080630094,8063,5,LATER,10.0,1,0.8808,1,0.8808,1
080630123,8063,4,ANSWERED,10.0,1,0.8808,1,0.8808,1
080630140,8063,4,ABOUT,10.0,1,0.8808,1,0.8808,1
080630147,8063,2,SISTER,10.0,1,0.8808,1,0.8808,1
080630147,8063,5,BELIEVE,10.0,1,0.5987,1,0.5987,1
080630155,8063,0,OUR,10.0,1,0.8808,1,0.8808,1
080630170,8063,1,BETTER,10.0,1,0.8808,1,0.8808,1
080680020,8068,1,READY,10.0,1,0.8808,1,0.8808,1
080680029,8068,3,WANTED,10.0,1,0.8808,1,0.8808,1
080680029,8068,5,EXPLAINED,10.0,1,0.8808,1,0.8808,1
080680031,8068,1,EVENING,10.0,1,0.8808,1,0.8808,1
080680031,8068,5,LETTER,10.0,1,0.8808,1,0.4013,0
080680031,8068,8,FATHER,10.0,1,0.8808,1,0.8808,1
080680056,8068,2,ANYTHING,10.0,1,0.3912,0,0.5074,1
080680069,8068,5,SEEMING,10.0,1,0.8808,1,0.8808,1
080680084,8068,1,ONLY,10.0,1,0.8808,1,0.8808,1
080680095,8068,5,FINGER,10.0,1,0.4013,0,0.4013,0
080680151,8068,4,VERY,10.0,1,0.8808,1,0.8808,1
080680153,8068,4,ANOTHER,10.0,1,0.4826,1,0.6687,1
080680153,8068,7,MOMENT,10.0,1,0.8808,1,0.8808,1
080680170,8068,0,BECAUSE,10.0,1,0.5987,1,0.8808,1
080680170,8068,4,GOING,10.0,1,0.8808,1,0.4013,0
080680174,8068,3,LAZY,10.0,1,0.8808,1,0.8808,1
081530002,8153,1,QUIET,10.0,1,0.4013,0,0.8808,1
081530002,8153,4,MOMENT,10.0,1,0.8808,1,0.8808,1
081530014,8153,3,FRIENDSHIP,10.0,1,0.4013,0,0.8808,1
081530016,8153,4,PERSONALLY,10.0,1,0.5036,1,0.4002,1
081530018,8153,2,GOING,10.0,1,0.8808,1,0.4013,0
081530023,8153,5,HANDSOME,10.0,1,0.4013,0,0.4013,0
081530038,8153,6,SOMETHING,10.0,1,0.4013,0,0.4013,0
081530073,8153,2,PITY,10.0,1,0.8808,1,0.8808,1
081530073,8153,7,BREAKFAST,10.0,1,0.8808,1,0.8808,1
081530100,8153,5,NOTHING,10.0,1,0.8808,1,0.4013,0
081530109,8153,4,DIFFERENT,10.0,1,0.4013,0,0.4013,0
081530139,8153,3,READY,10.0,1,0.8808,1,0.8808,1
081530167,8153,2,AMONG,10.0,1,0.8808,1,0.8808,1
085810018,8581,1,ANOTHER,10.0,1,0.7903,1,0.7886,1
085810040,8581,2,NEVER,10.0,1,0.4013,0,0.4013,0
085810040,8581,7,ANYBODY,10.0,1,0.4518,1,0.4657,1
085810078,8581,7,TERRIBLE,10.0,1,0.7738,1,0.7787,1
085810084,8581,2,BETTER,10.0,1,0.4013,0,0.4013,0
085810112,8581,5,FRIENDSHIP,10.0,1,0.8808,1,0.8808,1
085810119,8581,5,INTO,10.0,1,0.4013,0,0.4013,0
085810120,8581,3,LETTER,10.0,1,0.4013,0,0.4013,0
085810120,8581,7,MORNING,10.0,1,0.8808,1,0.8808,1
085810121,8581,3,EXCEPTION,10.0,1,0.5833,1,0.5975,1
085810152,8581,3,FUNNY,10.0,1,0.8808,1,0.8808,1
085810152,8581,5,FUNNY,10.0,1,0.8808,1,0.4013,0
085810163,8581,4,MOMENT,10.0,1,0.8808,1,0.8808,1
085810167,8581,5,GOING,10.0,1,0.8808,1,0.4013,0
085840013,8584,4,VERY,10.0,1,0.4013,0,0.8808,1
085840013,8584,5,VERY,10.0,1,0.8808,1,0.8808,1
085840020,8584,2,ONLY,10.0,1,0.4013,0,0.8808,1
085840020,8584,8,MORNING,10.0,1,0.8808,1,0.8808,1
085840022,8584,4,LATER,10.0,1,0.4013,0,0.8808,1
085840036,8584,2,MOMENT,10.0,1,0.8808,1,0.8808,1
085840072,8584,7,SOMETHING,10.0,1,0.4013,0,0.4013,0
085840075,8584,3,DIFFERENCE,10.0,1,0.1192,0,0.4013,0
085840075,8584,4,BETWEEN,10.0,1,0.5987,1,0.5987,1
085840077,8584,5,BELOW,10.0,1,0.5987,1,0.5987,1
085840089,8584,1,REPORT,10.0,1,0.5987,1,0.5987,1
085840115,8584,8,MOMENT,10.0,1,0.8808,1,0.8808,1
085840123,8584,3,REMEMBER,10.0,1,0.5385,1,0.5654,1
085840123,8584,4,EVERY,10.0,1,0.8808,1,0.8808,1
085840123,8584,5,MOMENT,10.0,1,0.8808,1,0.8808,1
085840147,8584,3,WOMAN,10.0,1,0.8808,1,0.4013,0
085840147,8584,5,DIFFERENTLY,10.0,1,0.474,1,0.2137,0
085840157,8584,1,BELIEVE,10.0,1,0.8808,1,0.8808,1
085840157,8584,8,EVERYTHING,10.0,1,0.5448,1,0.4901,1
085840167,8584,3,VERY,10.0,1,0.4013,0,0.4013,0
085840167,8584,5,WOMAN,10.0,1,0.8808,1,0.4013,0
085840167,8584,7,FIFTY,10.0,1,0.4013,0,0.8808,1
090880018,9088,2,ANYTHING,10.0,1,0.7239,1,0.6982,1
090880065,9088,8,QUESTION,10.0,1,0.8808,1,0.4013,0
090880086,9088,3,READY,10.0,1,0.8808,1,0.8808,1
090880090,9088,3,SUPPORT,10.0,1,0.5987,1,0.5987,1
090880093,9088,5,CARELESS,10.0,1,0.8808,1,0.8808,1
090880095,9088,1,GOING,10.0,1,0.8808,1,0.4013,0
090880095,9088,4,ABOUT,10.0,1,0.8808,1,0.8808,1
090880095,9088,9,MYSELF,10.0,1,0.5987,1,0.5987,1
090880100,9088,3,EXPECT,10.0,1,0.4013,0,0.4013,0
090880120,9088,8,SISTER,10.0,1,0.8808,1,0.8808,1
090880130,9088,4,TRULY,10.0,1,0.8808,1,0.4013,0
090880132,9088,4,PARKING,10.0,1,0.8808,1,0.8808,1
090880140,9088,5,ATTENTION,10.0,1,0.502,1,0.7175,1
090880142,9088,6,IMPORTANT,10.0,1,0.7618,1,0.5623,1
090880142,9088,8,HOWEVER,10.0,1,0.5657,1,0.5127,1
090880157,9088,2,REMAINING,10.0,1,0.7582,1,0.8059,1
090880157,9088,8,MANNER,10.0,1,0.8808,1,0.8808,1
090880163,9088,2,NOTHING,10.0,1,0.8808,1,0.4013,0
090880163,9088,3,UNTIL,10.0,1,0.5987,1,0.8808,1
090880163,9088,8,ANSWER,10.0,1,0.8808,1,0.8808,1
091010017,9101,2,BURNING,10.0,1,0.8808,1,0.8808,1
091010032,9101,5,ITSELF,10.0,1,0.4013,0,0.5987,1
091010049,9101,0,ENGLISH,10.0,1,0.8808,1,0.4013,0
091010050,9101,5,PURPOSE,10.0,1,0.4013,0,0.4013,0
091010055,9101,4,SUCCEED,5.0,0,0.1192,0,0.1192,0
091010063,9101,4,UNLESS,5.0,0,0.5987,1,0.5987,1
091010070,9101,1,ENGLISH,10.0,1,0.4013,0,0.4013,0
091010072,9101,3,ANY,10.0,1,0.8808,1,0.8808,1
091010100,9101,9,RETURN,10.0,1,0.5987,1,0.5987,1
091010109,9101,8,QUESTIONS,10.0,1,0.8808,1,0.8808,1
091010123,9101,0,HOWEVER,10.0,1,0.5064,1,0.7133,1
091010133,9101,2,EVER,10.0,1,0.8808,1,0.8808,1
091010138,9101,0,COVERED,10.0,1,0.4013,0,0.8808,1
091010139,9101,0,OTHER,10.0,1,0.8808,1,0.4013,0
091010139,9101,1,FURNITURE,10.0,1,0.4655,1,0.6526,1
091010149,9101,9,TOWEL,10.0,1,0.4013,0,0.4013,0
091010151,9101,7,PLEASURE,10.0,1,0.4013,0,0.4013,0
091070038,9107,1,ANY,10.0,1,0.8808,1,0.8808,1
091070038,9107,3,EVER,10.0,1,0.8808,1,0.8808,1
091070040,9107,0,BECAUSE,10.0,1,0.1192,0,0.8808,1
091070040,9107,7,DIFFERENTLY,10.0,1,0.4946,1,0.2345,0
091070049,9107,2,OUR,10.0,1,0.8808,1,0.8808,1
091070049,9107,3,STARTING,10.0,1,0.8808,1,0.8808,1
091070056,9107,6,GOING,10.0,1,0.8808,1,0.8808,1
091070074,9107,6,UNDER,10.0,1,0.8808,1,0.8808,1
091070089,9107,1,LIFTED,10.0,1,0.4013,0,0.8808,1
091070108,9107,8,MYSELF,10.0,1,0.5987,1,0.5987,1
091070138,9107,0,MAYBE,10.0,1,0.4013,0,0.4013,0
091070142,9107,3,QUESTION,10.0,1,0.4013,0,0.8808,1
091070142,9107,7,STARTING,10.0,1,0.8808,1,0.8808,1
091070143,9107,4,REGARD,10.0,1,0.8808,1,0.8808,1
091070174,9107,1,BEAUTY,10.0,1,0.4013,0,0.8808,1
091070174,9107,4,BEAUTY,10.0,1,0.4013,0,0.4013,0
091180015,9118,2,TRULY,10.0,1,0.8808,1,0.4013,0
091180025,9118,1,WONDER,10.0,1,0.8808,1,0.8808,1
091180025,9118,5,EVER,10.0,1,0.8808,1,0.4013,0
091180042,9118,5,HIMSELF,10.0,1,0.5987,1,0.5987,1
091180044,9118,6,ANYTHING,10.0,1,0.2643,0,0.643,1
091180050,9118,5,HERSELF,10.0,1,0.5987,1,0.5987,1
091180056,9118,0,SOMETHING,10.0,1,0.8808,1,0.4013,0
091180056,9118,1,TERRIBLE,10.0,1,0.4737,1,0.3814,0
091180064,9118,2,EVER,10.0,1,0.8808,1,0.8808,1
091180078,9118,0,BECAUSE,10.0,1,0.5987,1,0.5987,1
091180078,9118,5,ACTING,10.0,1,0.8808,1,0.4013,0
091180091,9118,2,GENTLEMAN,10.0,1,0.2706,0,0.4647,0
091180091,9118,5,BUSINESS,10.0,1,0.8808,1,0.8808,1
091180133,9118,3,INSTANCE,5.0,0,0.4013,0,0.4013,0
091180133,9118,6,FEELING,10.0,1,0.4013,0,0.4013,0
091180157,9118,2,ONLY,10.0,1,0.4013,0,0.4013,0
091180161,9118,0,NOTHING,10.0,1,0.8808,1,0.4013,0
091180163,9118,2,ALMOST,10.0,1,0.1192,0,0.1192,0
095530010,9553,1,SEATED,10.0,1,0.8808,1,0.8808,1
095530049,9553,2,DINNER,10.0,1,0.8808,1,0.8808,1
095530059,9553,2,GREATLY,10.0,1,0.8808,1,0.8808,1
095530066,9553,4,ALONE,10.0,1,0.8808,1,0.8808,1
095530066,9553,5,EXPLAIN,10.0,1,0.8808,1,0.8808,1
095530066,9553,7,PLEASURE,10.0,1,0.8808,1,0.8808,1
095530082,9553,3,MOMENTS,10.0,1,0.8808,1,0.8808,1
095530082,9553,7,BEFORE,10.0,1,0.5987,1,0.1192,0
095530085,9553,2,HOWEVER,10.0,1,0.6282,1,0.8064,1
095530116,9553,4,TALKING,10.0,1,0.8808,1,0.8808,1
095530116,9553,6,HIMSELF,10.0,1,0.5987,1,0.5987,1
095530129,9553,5,FINGER,10.0,1,0.4013,0,0.4013,0
095530129,9553,8,FINGER,10.0,1,0.4013,0,0.4013,0
095530144,9553,2,OVER,10.0,1,0.8808,1,0.8808,1
095530152,9553,4,ATTENTION,10.0,1,0.8037,1,0.6941,1
095530154,9553,2,ALMOST,10.0,1,0.5987,1,0.1192,0
095530161,9553,4,UNDERSTANDING,10.0,1,0.0609,0,0.0549,0
095550027,9555,0,EVERYTHING,10.0,1,0.8061,1,0.5559,1
095550043,9555,4,BEHIND,10.0,1,0.8808,1,0.8808,1
095550044,9555,8,OUTSIDE,10.0,1,0.5987,0,0.5987,0
095550053,9555,2,EVER,10.0,1,0.4013,0,0.4013,0
095550053,9555,7,COLLECTION,10.0,1,0.6451,1,0.4095,0
095550073,9555,5,PERFECT,10.0,1,0.8808,1,0.8808,1
095550073,9555,6,AGREEMENT,10.0,1,0.7403,1,0.8038,1
095550082,9555,3,HIMSELF,10.0,1,0.5987,1,0.5987,1
095550092,9555,1,ANYTHING,10.0,1,0.6784,1,0.3267,0
095550092,9555,4,DOWNSTAIRS,10.0,1,0.8808,0,0.4013,0
095550173,9555,4,EXPECT,10.0,1,0.8808,1,0.8808,1
095550173,9555,7,MORNING,10.0,1,0.8808,1,0.8808,1
095580008,9558,5,STORY,10.0,1,0.8808,1,0.4013,0
095580039,9558,7,UNHAPPY,10.0,1,0.6107,1,0.6754,1
095580045,9558,2,NEVER,10.0,1,0.8808,1,0.8808,1
095580045,9558,5,ANY,10.0,1,0.4013,0,0.4013,0
095580045,9558,6,INTEREST,10.0,1,0.1192,0,0.1192,0
095580045,9558,9,MONEY,10.0,1,0.8808,1,0.8808,1
095580056,9558,6,PARTY,10.0,1,0.8808,1,0.8808,1
095580071,9558,1,SECOND,10.0,1,0.8808,1,0.8808,1
095580088,9558,3,BEFORE,10.0,1,0.5987,1,0.5987,1
095580097,9558,8,GUILTY,10.0,1,0.4013,0,0.8808,1
095580099,9558,2,OFFERS,10.0,1,0.8808,1,0.4013,0
095580101,9558,8,NOTHING,10.0,1,0.4013,0,0.8808,1
095580128,9558,3,DUTY,10.0,1,0.4013,0,0.8808,1
095580157,9558,8,TALENT,10.0,1,0.8808,1,0.4013,0
095580173,9558,1,MESSAGE,10.0,1,0.8808,1,0.8808,1
096010002,9601,7,AGAIN,10.0,1,0.8808,1,0.4013,0
096010004,9601,1,OPENED,10.0,1,0.4013,0,0.8808,1
096010004,9601,4,STARING,10.0,1,0.8808,1,0.8808,1
096010006,9601,1,WONDER,10.0,1,0.8808,1,0.8808,1
096010009,9601,4,SILENCE,10.0,1,0.4013,0,0.4013,0
096010009,9601,7,MOMENT,10.0,1,0.8808,1,0.4013,0
096010010,9601,2,AWAY,10.0,1,0.5987,1,0.1192,0
096010010,9601,6,SUDDENLY,10.0,1,0.6565,1,0.3328,0
096010012,9601,3,ENOUGH,10.0,1,0.5987,1,0.4013,0
096010012,9601,7,ONLY,10.0,1,0.8808,1,0.8808,1
096010013,9601,3,ABOUT,10.0,1,0.8808,1,0.8808,1
096010015,9601,8,OVER,10.0,1,0.8808,1,0.8808,1
096010018,9601,1,OTHER,10.0,1,0.4013,0,0.4013,0
096010020,9601,0,SOMEWHERE,10.0,1,0.8808,1,0.4013,0
096010020,9601,7,BETTER,10.0,1,0.8808,1,0.8808,1
096010021,9601,7,NOTHING,10.0,1,0.8808,1,0.4013,0
096080006,9608,2,ALREADY,5.0,0,0.1255,0,0.2456,0
096080006,9608,9,NOTHING,10.0,1,0.8808,1,0.8808,1
096080007,9608,4,CONFUSION,10.0,1,0.1964,0,0.0849,0
096080012,9608,5,ANOTHER,5.0,0,0.1556,0,0.7961,1
096080014,9608,2,SOMETHING,5.0,0,0.4013,0,0.4013,0
096080018,9608,4,AGAIN,10.0,1,0.5987,1,0.8808,1
096080018,9608,5,ABOUT,10.0,1,0.4013,0,0.8808,1
096080023,9608,1,SUPPOSE,5.0,0,0.8808,1,0.8808,1
096080023,9608,4,BETTER,10.0,1,0.8808,1,0.8808,1
096080024,9608,1,OTHER,10.0,1,0.4013,0,0.8808,1
096080024,9608,7,LOOKING,10.0,1,0.8808,1,0.8808,1
096080025,9608,1,WATCHES,10.0,1,0.8808,1,0.8808,1
096080026,9608,8,FATHER,10.0,1,0.8808,1,0.8808,1
096080027,9608,9,BEHIND,5.0,0,0.4013,0,0.4013,0
096100003,9610,0,ACTUALLY,10.0,1,0.396,1,0.4716,1
096100003,9610,3,SOMETHING,5.0,0,0.8808,1,0.4013,0
096100005,9610,4,AGAIN,10.0,1,0.4013,0,0.8808,1
096100006,9610,5,BETTER,5.0,0,0.4013,0,0.4013,0
096100010,9610,2,NEVER,5.0,0,0.4013,0,0.4013,0
096100010,9610,6,ABOUT,10.0,1,0.8808,1,0.8808,1
096100012,9610,7,BEHIND,10.0,1,0.8808,1,0.5987,1
096100015,9610,4,AWAY,10.0,1,0.5987,1,0.8808,1
096100016,9610,1,ACTUALLY,5.0,0,0.3686,0,0.2344,0
096100017,9610,2,NOTHING,10.0,1,0.8808,1,0.8808,1
096100019,9610,5,VERY,10.0,1,0.4013,0,0.1192,0
096120001,9612,6,MOMENT,10.0,1,0.8808,1,0.8808,1
096120002,9612,5,MYSELF,10.0,1,0.5987,1,0.5987,1
096120003,9612,4,WINNING,10.0,1,0.4013,0,0.8808,1
096120004,9612,2,SOMETHING,10.0,1,0.8808,1,0.8808,1
096120005,9612,5,NEVER,10.0,1,0.4013,0,0.8808,1
096120007,9612,2,GOING,10.0,1,0.8808,1,0.8808,1
096120008,9612,2,OVER,10.0,1,0.8808,1,0.8808,1
096120009,9612,7,VERY,10.0,1,0.4013,0,0.8808,1
096120011,9612,9,AGO,10.0,1,0.8808,1,0.5987,1
096120012,9612,5,AWAY,10.0,1,0.8808,1,0.5988,1
096120012,9612,8,PLATFORM,10.0,1,0.4013,0,0.4013,0
096120018,9612,2,NOTHING,10.0,1,0.4013,0,0.4013,0
096120018,9612,3,BETTER,10.0,1,0.8808,1,0.4013,0
096170006,9617,6,SOMETHING,10.0,1,0.8808,1,0.4013,0
096170008,9617,1,NEVER,10.0,1,0.8808,1,0.8808,1
096170008,9617,2,HAPPENED,10.0,1,0.8808,1,0.4013,0
096170008,9617,5,NEVER,10.0,1,0.8808,1,0.8808,1
096170010,9617,3,OTHER,10.0,1,0.1192,0,0.4013,0
096170011,9617,8,ONLY,10.0,1,0.8808,1,0.8808,1
096170012,9617,2,GOING,10.0,1,0.8808,1,0.8808,1
096170012,9617,5,NOTHING,10.0,1,0.8808,1,0.8808,1
096170012,9617,6,ABOUT,10.0,1,0.8808,1,0.8808,1
096170013,9617,4,VERY,10.0,1,0.8808,1,0.8808,1
096170018,9617,2,TALENTED,10.0,1,0.7768,1,0.5145,1
096170020,9617,2,LOOKING,10.0,1,0.1192,0,0.8808,1
096170020,9617,3,AWAY,10.0,1,0.8808,1,0.4013,0
096170022,9617,2,AFTER,10.0,1,0.4013,0,0.8808,1
096170022,9617,8,BETTER,10.0,1,0.8808,1,0.8808,1
096170023,9617,4,BECAUSE,10.0,1,0.5987,1,0.5987,1
096180002,9618,2,OVER,10.0,1,0.8808,1,0.8808,1
096180002,9618,5,MOMENT,10.0,1,0.8808,1,0.8808,1
096180005,9618,2,NEVER,10.0,1,0.8808,1,0.8808,1
096180009,9618,4,BEHIND,10.0,1,0.8808,1,0.8808,1
096180012,9618,4,SOMETHING,10.0,1,0.4013,0,0.4013,0
096180013,9618,6,ABOUT,10.0,1,0.8808,1,0.8808,1
096180014,9618,1,ALWAYS,10.0,1,0.5987,1,0.5987,1
096180016,9618,2,VERY,10.0,1,0.8808,1,0.8808,1
096180019,9618,9,CONFESSION,10.0,1,0.1762,0,0.4736,1
096180021,9618,4,LOOKING,10.0,1,0.4013,0,0.4013,0
096180022,9618,5,HIMSELF,10.0,1,0.5987,1,0.5987,1
096220001,9622,6,ALWAYS,10.0,1,0.5987,1,0.5987,1
096220003,9622,4,MOMENT,10.0,1,0.4013,0,0.8808,1
096220005,9622,6,DOING,10.0,1,0.8808,1,0.5987,1
096220006,9622,2,HAPPENED,10.0,1,0.8808,1,0.8808,1
096220006,9622,5,BEFORE,10.0,1,0.5987,1,0.5987,1
096220008,9622,6,ABOUT,10.0,1,0.5987,1,0.8808,1
096220011,9622,7,AGAIN,10.0,1,0.5987,1,0.8808,1
096220013,9622,9,SOMETHING,10.0,1,0.4013,0,0.8808,1
096220014,9622,7,WORKMAN,10.0,1,0.4013,0,0.4013,0
096220016,9622,8,HIDING,10.0,1,0.8808,1,0.4013,0
096220017,9622,4,BEHIND,10.0,1,0.5987,1,0.1192,0
096220018,9622,2,AWAY,10.0,1,0.1192,0,0.4013,0
096230013,9623,4,GOING,10.0,1,0.8808,1,0.4013,0
096230014,9623,2,NOTHING,10.0,1,0.8808,1,0.8808,1
096230016,9623,9,OVER,10.0,1,0.8808,1,0.8808,1
096230017,9623,5,OTHER,10.0,1,0.1192,0,0.4013,0
096230020,9623,8,OPENED,10.0,1,0.5987,1,0.1192,0
096260002,9626,2,OVER,10.0,1,0.8808,1,0.8808,1
096260005,9626,5,ABOUT,5.0,0,0.8808,1,0.8808,1
096260007,9626,2,GOING,10.0,1,0.8808,1,0.8808,1
096260008,9626,3,ONLY,10.0,1,0.4013,0,0.4013,0
096260011,9626,2,NOTHING,5.0,0,0.4013,0,0.8808,1
096260012,9626,5,ANYTHING,10.0,1,0.0928,0,0.7414,1
096260016,9626,5,DIFFERENT,5.0,0,0.4013,0,0.4013,0
096260020,9626,4,EVER,10.0,1,0.8808,1,0.8808,1
096290001,9629,2,GOING,10.0,1,0.8808,1,0.8808,1
096290006,9629,6,AGAIN,10.0,1,0.8808,1,0.8808,1
096290009,9629,7,SOMETHING,10.0,1,0.8808,1,0.8808,1
096290014,9629,8,HAPPENED,10.0,1,0.8808,1,0.4013,0
096290015,9629,2,LOOKING,10.0,1,0.8808,1,0.4013,0
096290017,9629,5,MOMENT,10.0,1,0.8808,1,0.8808,1
096290018,9629,6,ALWAYS,10.0,1,0.1192,0,0.5987,1
096290022,9629,6,EVER,10.0,1,0.8808,1,0.4013,0
096310003,9631,2,SOMETHING,10.0,1,0.8808,1,0.4013,0
096310004,9631,2,ONLY,10.0,1,0.8808,1,0.8808,1
096310004,9631,5,MOMENT,10.0,1,0.8808,1,0.8808,1
096310005,9631,1,WOMAN,10.0,1,0.8808,1,0.8808,1
096310012,9631,5,ABOUT,10.0,1,0.8808,1,0.8808,1
096310014,9631,3,GOING,10.0,1,0.8808,1,0.8808,1
096310017,9631,1,OPENED,10.0,1,0.8808,1,0.4013,0
096330003,9633,6,AWAY,10.0,1,0.8808,1,0.8808,1
096330009,9633,2,NEVER,10.0,1,0.8808,1,0.8808,1
096330012,9633,5,OPENED,10.0,1,0.8808,1,0.4013,0
096330016,9633,2,ALWAYS,10.0,1,0.1192,0,0.5987,1
096330017,9633,2,ONLY,10.0,1,0.8808,1,0.4013,0
096330019,9633,8,NOTHING,10.0,1,0.8808,1,0.8808,1
096330020,9633,2,AGAIN,10.0,1,0.5988,1,0.8808,1
096330023,9633,4,OTHER,10.0,1,0.8808,1,0.8808,1
096350007,9635,5,ABOUT,10.0,1,0.8808,1,0.8808,1
096350009,9635,4,ONLY,10.0,1,0.8808,1,0.8808,1
096350010,9635,1,OTHER,10.0,1,0.4013,0,0.4013,0
096350012,9635,9,FATHER,10.0,1,0.8808,1,0.8808,1
096350013,9635,6,AWAY,10.0,1,0.8808,1,0.8808,1
096350014,9635,2,NEVER,10.0,1,0.4013,0,0.4013,0
096350015,9635,6,BETTER,10.0,1,0.4013,0,0.8808,1
096350018,9635,1,AM,10.0,1,0.4013,0,0.1192,0
096350020,9635,3,BEFORE,10.0,1,0.5987,1,0.5987,1
096350024,9635,7,ANYTHING,10.0,1,0.7343,1,0.6594,1
096350025,9635,5,LOOKING,10.0,1,0.8808,1,0.8808,1
096350026,9635,2,OVER,10.0,1,0.8808,1,0.4013,0
096400001,9640,4,INTERPRET,5.0,0,0.1026,0,0.4186,0
096400001,9640,7,ANY,10.0,1,0.8808,1,0.8808,1
096400001,9640,9,PURPOSE,5.0,0,0.8808,1,0.8808,1
096400002,9640,2,LIVING,10.0,1,0.8808,1,0.8808,1
096400002,9640,5,VISIBLE,10.0,1,0.7148,1,0.7303,1
096400004,9640,1,AFTER,10.0,1,0.4013,0,0.4013,0
096400007,9640,5,WRITING,10.0,1,0.8808,1,0.8808,1
096400007,9640,7,CHAPTER,10.0,1,0.8808,1,0.8808,1
096400010,9640,2,SILVER,10.0,1,0.4013,0,0.4013,0
096400012,9640,5,BORING,10.0,1,0.4013,0,0.8808,1
096400013,9640,2,MARCHING,10.0,1,0.8808,1,0.4013,0
096400014,9640,0,WAITING,10.0,1,0.4013,0,0.8808,1
096400016,9640,2,USUALLY,10.0,1,0.7989,1,0.5667,1
096400020,9640,0,AUTHOR,5.0,0,0.8808,1,0.4013,0
096400020,9640,3,AGAIN,10.0,1,0.5987,1,0.8808,1
096400020,9640,4,EVERYONE,10.0,1,0.7494,1,0.466,1
096400024,9640,3,FARTHER,10.0,1,0.8808,1,0.4013,0
096400024,9640,4,EXPLANATION,5.0,0,0.0636,0,0.1003,0
096400025,9640,3,DARLING,10.0,1,0.8808,1,0.8808,1
096400025,9640,4,DARLING,10.0,1,0.8808,1,0.8808,1
096400025,9640,5,DARLING,10.0,1,0.4013,0,0.4013,0
096400025,9640,6,JEWEL,10.0,1,0.8808,1,0.4013,0
096400026,9640,2,CONTINUE,10.0,1,0.1057,0,0.356,0
096400026,9640,4,TRAINING,10.0,1,0.4013,0,0.8808,1
096400028,9640,1,ALMOST,10.0,1,0.1192,0,0.1192,0
096470003,9647,2,FINISHED,10.0,1,0.4013,0,0.4013,0
096470004,9647,3,STRIKING,10.0,1,0.4013,0,0.8808,1
096470010,9647,3,HAPPENS,10.0,1,0.4013,0,0.4013,0
096470011,9647,0,NOTHING,10.0,1,0.8808,1,0.8808,1
096470011,9647,3,IMMENSE,10.0,1,0.1192,0,0.5987,1
096470012,9647,3,DATING,10.0,1,0.4013,0,0.8808,1
096470012,9647,5,SOMETHING,10.0,1,0.8808,1,0.8808,1
096470013,9647,0,WOMAN,10.0,1,0.8808,1,0.4013,0
096470015,9647,5,EXPLAINED,10.0,1,0.8808,1,0.8808,1
096470016,9647,1,MANY,10.0,1,0.8808,1,0.8808,1
096470016,9647,2,KINGDOMS,10.0,1,0.8808,1,0.4013,0
096470017,9647,4,OTHER,5.0,0,0.4013,0,0.4013,0
096470017,9647,5,FAMILY,10.0,1,0.7241,1,0.1458,0
096470018,9647,0,ANYWAY,10.0,1,0.6161,1,0.2003,0
096470020,9647,0,MAYBE,10.0,1,0.8808,1,0.8808,1
096470021,9647,2,USUAL,10.0,1,0.3278,0,0.6866,1
096470021,9647,4,ANY,10.0,1,0.4013,0,0.8808,1
096470022,9647,2,STARTED,5.0,0,0.4013,0,0.4013,0
096470022,9647,3,FORGETTING,10.0,1,0.6229,1,0.2585,0
096470022,9647,4,EVERYTHING,10.0,1,0.5121,1,0.5166,1
